-- phpMyAdmin SQL Dump
-- version 4.4.13.1deb1
-- http://www.phpmyadmin.net
--
-- Host: localhost
-- Generation Time: 2016-04-27 09:54:41
-- 服务器版本： 5.6.30-0ubuntu0.15.10.1
-- PHP Version: 5.6.11-1ubuntu3.2

SET SQL_MODE = "NO_AUTO_VALUE_ON_ZERO";
SET time_zone = "+00:00";


/*!40101 SET @OLD_CHARACTER_SET_CLIENT=@@CHARACTER_SET_CLIENT */;
/*!40101 SET @OLD_CHARACTER_SET_RESULTS=@@CHARACTER_SET_RESULTS */;
/*!40101 SET @OLD_COLLATION_CONNECTION=@@COLLATION_CONNECTION */;
/*!40101 SET NAMES utf8mb4 */;

--
-- Database: `alice`
--

-- --------------------------------------------------------

--
-- 表的结构 `al_administrator_had`
--

CREATE TABLE IF NOT EXISTS `al_administrator_had` (
  `h_id` int(11) NOT NULL COMMENT '用户表主id',
  `h_name` varchar(255) NOT NULL COMMENT '用户名',
  `h_password` varchar(255) NOT NULL COMMENT '密码',
  `add_by` int(11) NOT NULL COMMENT '添加人',
  `add_time` datetime NOT NULL COMMENT '添加时间',
  `edit_by` int(11) NOT NULL COMMENT '修改人',
  `edit_time` timestamp NOT NULL DEFAULT CURRENT_TIMESTAMP ON UPDATE CURRENT_TIMESTAMP COMMENT '修改时间',
  `power` varchar(255) NOT NULL COMMENT '权限',
  `parent_id` int(11) NOT NULL COMMENT '隶属于'
) ENGINE=InnoDB AUTO_INCREMENT=2 DEFAULT CHARSET=utf8 COMMENT='管理员表';

--
-- 转存表中的数据 `al_administrator_had`
--

INSERT INTO `al_administrator_had` (`h_id`, `h_name`, `h_password`, `add_by`, `add_time`, `edit_by`, `edit_time`, `power`, `parent_id`) VALUES
(1, 'admin', '96e79218965eb72c92a549dd5a330112', 0, '2012-06-07 10:54:49', 0, '2016-04-18 03:05:28', '0', 0);

-- --------------------------------------------------------

--
-- 表的结构 `al_article`
--

CREATE TABLE IF NOT EXISTS `al_article` (
  `art_id` int(11) NOT NULL COMMENT '文章id',
  `type` varchar(255) NOT NULL COMMENT '类型',
  `cat_id` int(11) NOT NULL,
  `order_by` int(11) NOT NULL COMMENT '排序',
  `add_by` int(11) NOT NULL COMMENT '添加人',
  `add_time` datetime NOT NULL COMMENT '添加时间',
  `edit_by` int(11) NOT NULL COMMENT '修改人',
  `edit_time` timestamp NOT NULL DEFAULT CURRENT_TIMESTAMP ON UPDATE CURRENT_TIMESTAMP COMMENT '修改时间'
) ENGINE=InnoDB AUTO_INCREMENT=19 DEFAULT CHARSET=utf8;

--
-- 转存表中的数据 `al_article`
--

INSERT INTO `al_article` (`art_id`, `type`, `cat_id`, `order_by`, `add_by`, `add_time`, `edit_by`, `edit_time`) VALUES
(9, 'A', 12, 111, 0, '2012-09-13 04:19:33', 1, '2013-01-10 22:43:10'),
(10, 'A', 12, 50, 0, '2012-09-13 06:38:33', 1, '2013-01-10 22:43:05'),
(11, 'A', 13, 50, 1, '2013-01-14 05:39:55', 2, '2015-05-04 16:52:22'),
(12, 'A', 13, 51, 1, '2013-01-14 05:42:28', 1, '2013-01-13 19:42:28'),
(13, 'A', 0, 0, 1, '2013-01-14 10:07:11', 1, '2013-05-07 17:46:14'),
(14, 'A', 0, 50, 1, '2013-01-14 10:07:30', 1, '2013-01-14 02:07:30'),
(15, 'A', 0, 50, 1, '2013-01-14 10:07:44', 1, '2013-01-14 02:07:44'),
(16, 'A', 0, 0, 1, '2013-01-14 10:08:01', 1, '2013-05-02 17:49:24'),
(17, 'A', 12, 0, 1, '2013-07-29 02:56:37', 1, '2013-07-29 04:26:26'),
(18, 'A', 0, 50, 1, '2014-09-17 00:00:00', 2, '2015-05-04 16:11:27');

-- --------------------------------------------------------

--
-- 表的结构 `al_article_i8n`
--

CREATE TABLE IF NOT EXISTS `al_article_i8n` (
  `art_i8n_id` int(11) NOT NULL COMMENT '文章多语言id',
  `art_id` int(11) NOT NULL COMMENT '文章主id',
  `art_name` varchar(255) NOT NULL COMMENT '文章名称',
  `art_overview` text NOT NULL COMMENT '简略描述',
  `art_detail` text NOT NULL COMMENT '详细内容',
  `i8n` varchar(255) NOT NULL COMMENT '多语言参数'
) ENGINE=InnoDB AUTO_INCREMENT=39 DEFAULT CHARSET=utf8 COMMENT='文章多于言表';

--
-- 转存表中的数据 `al_article_i8n`
--

INSERT INTO `al_article_i8n` (`art_i8n_id`, `art_id`, `art_name`, `art_overview`, `art_detail`, `i8n`) VALUES
(9, 9, 'How to pour the perfect glass of wine?', '', '<p>Knowing how to pour the perfect glass is not just polite but ensures that you and whoever you are entertaining gets the most enjoyment out of the wine.</p>\r\n\r\n<p><br />\r\n<img alt="" src="./pic/cv/uploads/20130703/image/1372832968.jpg" /></p>\r\n\r\n<p><br />\r\n1. OPENING THE WINE<br />\r\nThere are many ways to open a bottle of wine with a cork. Whether using a fancy air-pressure gadget or the good old waiter screw opener, they are all good methods and what really matters is drinking the wine after the bottle has been opened. One important thing to remember is, when pulling the cork out, be sure not to pull it very fast, causing the &quot;pop&quot; sound. Although an exciting effect, this is actually not polite.</p>\r\n\r\n<p>&nbsp;</p>\r\n\r\n<p>2. POURING THE WINE<br />\r\nLike I said, the important part is the actual drinking of the wine, and to enjoy it. When it comes to pouring the wine, make sure the motion is gentle, and that the neck of the bottle isn&rsquo;t resting or touching the rim of the glass. One additional thing you can do that your guests will appreciate is to have the label of the bottle facing your guest so they can see what you are pouring. This is just a&nbsp; nice way to present your wine, but if you are drinking alone then I wouldn&rsquo;t worry too much about this!</p>\r\n\r\n<p>&nbsp;</p>\r\n\r\n<p>3. WHERE TO STOP WHEN YOU POUR<br />\r\nBy the guts! I call the widest part of the glass its belly and when you are pouring make sure the wine level reaches that area and then stop. This allows the wine to have the most contact area with the air in the glass. It will start releasing an aroma and reach its proper potential for drinking.<br />\r\n<br />\r\nKnowing these simple steps isn&rsquo;t about being pretentious; it&rsquo;s to show that you care about getting the most out of a bottle.</p>\r\n\r\n<p>&nbsp;</p>\r\n', 'en_us'),
(10, 9, 'How to pour the perfect glass of wine?', '', '<p>Knowing how to pour the perfect glass is not just polite but ensures that you and whoever you are entertaining gets the most enjoyment out of the wine.</p>\r\n\r\n<p><br />\r\n<img alt="" src="/pic/cv/uploads/20130703/image/1372832968.jpg" style="height:466px; width:700px" /></p>\r\n\r\n<p><br />\r\n1. OPENING THE WINE<br />\r\nThere are many ways to open a bottle of wine with a cork. Whether using a fancy air-pressure gadget or the good old waiter screw opener, they are all good methods and what really matters is drinking the wine after the bottle has been opened. One important thing to remember is, when pulling the cork out, be sure not to pull it very fast, causing the &quot;pop&quot; sound. Although an exciting effect, this is actually not polite.</p>\r\n\r\n<p>&nbsp;</p>\r\n\r\n<p>2. POURING THE WINE<br />\r\nLike I said, the important part is the actual drinking of the wine, and to enjoy it. When it comes to pouring the wine, make sure the motion is gentle, and that the neck of the bottle isn&rsquo;t resting or touching the rim of the glass. One additional thing you can do that your guests will appreciate is to have the label of the bottle facing your guest so they can see what you are pouring. This is just a&nbsp; nice way to present your wine, but if you are drinking alone then I wouldn&rsquo;t worry too much about this!</p>\r\n\r\n<p>&nbsp;</p>\r\n\r\n<p>3. WHERE TO STOP WHEN YOU POUR<br />\r\nBy the guts! I call the widest part of the glass its belly and when you are pouring make sure the wine level reaches that area and then stop. This allows the wine to have the most contact area with the air in the glass. It will start releasing an aroma and reach its proper potential for drinking.<br />\r\n<br />\r\nKnowing these simple steps isn&rsquo;t about being pretentious; it&rsquo;s to show that you care about getting the most out of a bottle.</p>\r\n\r\n<p>&nbsp;</p>\r\n', 'zh_cn'),
(11, 9, 'How to pour the perfect glass of wine?', '', '<p>Knowing how to pour the perfect glass is not just polite but ensures that you and whoever you are entertaining gets the most enjoyment out of the wine.</p>\r\n\r\n<p><br />\r\n<img alt="" src="/pic/cv/uploads/20130703/image/1372832968.jpg" style="height:466px; width:700px" /></p>\r\n\r\n<p><br />\r\n1. OPENING THE WINE<br />\r\nThere are many ways to open a bottle of wine with a cork. Whether using a fancy air-pressure gadget or the good old waiter screw opener, they are all good methods and what really matters is drinking the wine after the bottle has been opened. One important thing to remember is, when pulling the cork out, be sure not to pull it very fast, causing the &quot;pop&quot; sound. Although an exciting effect, this is actually not polite.</p>\r\n\r\n<p>&nbsp;</p>\r\n\r\n<p>2. POURING THE WINE<br />\r\nLike I said, the important part is the actual drinking of the wine, and to enjoy it. When it comes to pouring the wine, make sure the motion is gentle, and that the neck of the bottle isn&rsquo;t resting or touching the rim of the glass. One additional thing you can do that your guests will appreciate is to have the label of the bottle facing your guest so they can see what you are pouring. This is just a&nbsp; nice way to present your wine, but if you are drinking alone then I wouldn&rsquo;t worry too much about this!</p>\r\n\r\n<p>&nbsp;</p>\r\n\r\n<p>3. WHERE TO STOP WHEN YOU POUR<br />\r\nBy the guts! I call the widest part of the glass its belly and when you are pouring make sure the wine level reaches that area and then stop. This allows the wine to have the most contact area with the air in the glass. It will start releasing an aroma and reach its proper potential for drinking.<br />\r\n<br />\r\nKnowing these simple steps isn&rsquo;t about being pretentious; it&rsquo;s to show that you care about getting the most out of a bottle.</p>\r\n\r\n<p>&nbsp;</p>\r\n', 'zh_tw'),
(12, 10, 'Casual entertainment: How to light an informal dinner party.', '', '<p>Add some extra ambience with these clever lighting tips. &nbsp;</p>\r\n\r\n<p>At last, the luscious green leaves are back, the sky is turning out of the grey and into the blue, and you jump out of bed with a newfound energy and zest for life.&nbsp; Spring is finally here; there are fresh vegetables at the market, and vibrant colours in abundance. When out and about, you don&rsquo;t even have to remember where you left your scarf and gloves. But the best part about this time of year is being outdoors and one thing I treasure most is having a small gathering with my friends and family, &ldquo;al fresco&rdquo;. A warm breeze, in a courtyard or on a patio, with good food, good wine, and of course, laughter, makes for the perfect occasion, and is a highlight of the season.<br />\r\n<br />\r\nAnd the secret of a casual springtime evening is in the lighting.<br />\r\n<br />\r\nOnce you&rsquo;ve gathered your nearest and dearest, figured out the food and wine, pay some extra attention to the lighting at all levels to make a memorable difference.</p>\r\n\r\n<p>&nbsp;</p>\r\n\r\n<p><img alt="" src="./pic/cv/uploads/20130703/image/1372833044.jpg" /></p>\r\n\r\n<p><br />\r\n1. LIGHTING AT A LOW LEVEL<br />\r\nThese lights will allow you to mark a pathway for walking and define an area for gathering. Use brown paper sandwich bags and fill as many as you need with sand to weigh them down.&nbsp; Inside the bag, place a tea-light candle. Place them on the ground about 1 meter apart along each side of your pathway or at the edge of the area where you are entertaining.<br />\r\n<br />\r\n2. AT THE TABLE<br />\r\nBe sure to have plenty of candles on the table. I like them to be laid out randomly, with some in glass jars, in different shapes and sizes. Make them sure they aren&rsquo;t perfumed, you don&rsquo;t want to put your guests off their food!<br />\r\n<br />\r\n3. LIGHTS ABOVE THE EYES<br />\r\nAbsolutely no fluorescent lights! Keep it soft and warm. I like to resurrect my Christmas tree lights and mix it with colourful lanterns. This will create a festive mood and provide good general lighting without being too bright.<br />\r\n<br />\r\nOnce you&rsquo;ve mastered the lighting, turn the music on, pour your favourite wine and raise a glass. Happy Spring!</p>\r\n\r\n<p>&nbsp;</p>\r\n', 'en_us'),
(13, 10, 'Casual entertainment: How to light an informal dinner party.', '', '<p>Add some extra ambience with these clever lighting tips. &nbsp;</p>\r\n\r\n<p>At last, the luscious green leaves are back, the sky is turning out of the grey and into the blue, and you jump out of bed with a newfound energy and zest for life.&nbsp; Spring is finally here; there are fresh vegetables at the market, and vibrant colours in abundance. When out about, you don&rsquo;t even have to remember where you left your scarf and gloves. But the best part about this time of year is being outdoors and one thing I treasure most is having a small gathering with friends and family &ldquo;al fresco&rdquo;. A warm breeze, in a courtyard or on a patio, with good food, good wine, and of course, laughter, makes for the perfect occasion, and is a highlight of the season.<br />\r\n<br />\r\nAnd the secret of a casual springtime evening is in the lighting.<br />\r\n<br />\r\nOnce you&rsquo;ve gathered your nearest and dearest, figured out the food and wine, pay some extra attention to the lighting at all levels to make a memorable difference.</p>\r\n\r\n<p>&nbsp;</p>\r\n\r\n<p><img alt="" src="/pic/cv/uploads/20130703/image/1372833044.jpg" style="height:466px; width:700px" /></p>\r\n\r\n<p><br />\r\n1. LIGHTING AT A LOW LEVEL<br />\r\nThese lights will allow you to mark a pathway for walking and define an area for gathering. Use brown paper sandwich bags and fill as many as you need with sand to weigh them down.&nbsp; Inside the bag, place a tea-light candle. Place them on the ground about 1 meter apart along each side of your pathway or at the edge of the area where you are entertaining.<br />\r\n<br />\r\n2. AT THE TABLE<br />\r\nBe sure to have plenty of candles on the table. I like them to be laid out randomly, with some in glass jars, in different shapes and sizes. Make them sure they aren&rsquo;t perfumed, you don&rsquo;t want to put your guests off their food!<br />\r\n<br />\r\n3. LIGHTS ABOVE THE EYES<br />\r\nAbsolutely no fluorescent lights! Keep it soft and warm. I like to resurrect my Christmas tree lights and mix it with colourful lanterns. This will create a festive mood and provide good general lighting without being too bright.<br />\r\n<br />\r\nOnce you&rsquo;ve mastered the lighting, turn the music on, pour your favourite wine and raise a glass. Happy Spring!</p>\r\n\r\n<p>&nbsp;</p>\r\n', 'zh_cn'),
(14, 10, 'Casual entertainment: How to light an informal dinner party.', '', '<p>Add some extra ambience with these clever lighting tips. &nbsp;</p>\r\n\r\n<p>At last, the luscious green leaves are back, the sky is turning out of the grey and into the blue, and you jump out of bed with a newfound energy and zest for life.&nbsp; Spring is finally here; there are fresh vegetables at the market, and vibrant colours in abundance. When out about, you don&rsquo;t even have to remember where you left your scarf and gloves. But the best part about this time of year is being outdoors and one thing I treasure most is having a small gathering with friends and family &ldquo;al fresco&rdquo;. A warm breeze, in a courtyard or on a patio, with good food, good wine, and of course, laughter, makes for the perfect occasion, and is a highlight of the season.<br />\r\n<br />\r\nAnd the secret of a casual springtime evening is in the lighting.<br />\r\n<br />\r\nOnce you&rsquo;ve gathered your nearest and dearest, figured out the food and wine, pay some extra attention to the lighting at all levels to make a memorable difference.</p>\r\n\r\n<p>&nbsp;</p>\r\n\r\n<p><img alt="" src="/pic/cv/uploads/20130703/image/1372833044.jpg" style="height:466px; width:700px" /></p>\r\n\r\n<p><br />\r\n1. LIGHTING AT A LOW LEVEL<br />\r\nThese lights will allow you to mark a pathway for walking and define an area for gathering. Use brown paper sandwich bags and fill as many as you need with sand to weigh them down.&nbsp; Inside the bag, place a tea-light candle. Place them on the ground about 1 meter apart along each side of your pathway or at the edge of the area where you are entertaining.<br />\r\n<br />\r\n2. AT THE TABLE<br />\r\nBe sure to have plenty of candles on the table. I like them to be laid out randomly, with some in glass jars, in different shapes and sizes. Make them sure they aren&rsquo;t perfumed, you don&rsquo;t want to put your guests off their food!<br />\r\n<br />\r\n3. LIGHTS ABOVE THE EYES<br />\r\nAbsolutely no fluorescent lights! Keep it soft and warm. I like to resurrect my Christmas tree lights and mix it with colourful lanterns. This will create a festive mood and provide good general lighting without being too bright.<br />\r\n<br />\r\nOnce you&rsquo;ve mastered the lighting, turn the music on, pour your favourite wine and raise a glass. Happy Spring!</p>\r\n\r\n<p>&nbsp;</p>\r\n', 'zh_tw'),
(15, 11, '', '', '0":;"About Fillmore":;"We believe wine appreciation should be about what you truly enjoy rather than what you “should” be enjoying and our selection of wines is for those who appreciate the characters and qualities of New World varietals. We hope you not only enjoy exploring them but that you will also share in our delight of life’s everyday pleasures.\r\n\r\nBe your own purveyor of wine and enjoy the world around you.\r\n":;"1":;"About Sing (Founder)":;"There are moments in our life when we reach for a Lafite or Opus, yet the ones I enjoy the most are the impromptu, casual occasions spent alone or with friends enjoying a glass.\r\n\r\nAfter years of buying wine, I noticed the selection has become wider and choosing has become harder, yet you only need one bottle you like. This is what wine appreciation should be about.\r\n\r\nHaving lived in California for 20 years, I wanted to bring its unique attitude and lifestyle to my friends in China. I have personally chosen a select group of wines because I believe that it’s not about having the largest most lucrative selection but about leaving the most memorable impression.\r\n', 'en_us'),
(16, 11, '', '', '":;"1231":;"23131":;"1":;"1333":;"445555', 'zh_cn'),
(17, 11, '', '', '":;"":;"":;"1":;"":;"', 'zh_tw'),
(18, 12, 'About Sing', 'Cum sociis natoque penatibus et magnis dis parturient montes.', '<h1 class="aboutTitle">About Sing</h1>\r\n<p><img src="/pic/cv/uploads/20130703/image/1372833173.jpg" alt="" /></p>\r\n<div style="padding:15px 0 0;font-family: ''Source Sans Pro'',''PT Sans'',Arial,sans-serif;font-weight: 200;font-size:16px;">\r\n<p>There are moments in our life when we reach for a Lafite or Opus, yet the ones I  enjoy the most are the impromptu, casual occasions spent alone or with friends enjoying a glass. <br />\r\n<br />\r\nAfter years of buying wine, I noticed the selection has become wider and choosing has become harder, yet you only need one bottle you like. This is what wine appreciation should be about. <br />\r\n<br />\r\nHaving lived in California for 20 years, I wanted to bring its unique attitude and lifestyle to my friends in China. I have personally chosen a select group of wines because I believe that it&rsquo;s not about having the largest most lucrative selection but about leaving the most memorable impression.</p>\r\n<p>&nbsp;</p>\r\n</div>', 'en_us'),
(19, 12, 'About Sing', 'Cum sociis natoque penatibus et magnis dis parturient montes.', '<h1 class="aboutTitle">About Sing</h1>\r\n<p><img width="697" alt="" src="/webmaster/fillmore/pic/cv/uploads/20130614/image/1371201505.jpg" /></p>\r\n<div style="padding:15px 0 0;font-family: ''Source Sans Pro'',''PT Sans'',Arial,sans-serif;font-weight: 200;font-size:16px;">\r\n<p>There are moments in our life when we reach for a Lafite or Opus, yet the ones I <br />\r\nenjoy the most are the impromptu, casual occasions spent alone or with friends enjoying a glass. <br />\r\n<br />\r\nAfter years of buying wine, I noticed the selection has become wider and choosing has become harder, yet you only need one bottle you like. This is what wine appreciation should be about. <br />\r\n<br />\r\nHaving lived in California for 20 years, I wanted to bring its unique attitude and lifestyle to my friends in China. I have personally chosen a select group of wines because I believe that it&rsquo;s not about having the largest most lucrative selection but about leaving the most memorable impression.<br />\r\n<br />\r\n<br />\r\n<br />\r\n&nbsp;</p>\r\n</div>\r\n<h1 class="aboutTitle">About Sing</h1>\r\n<p><img width="697" alt="" src="/webmaster/fillmore/pic/cv/uploads/20130614/image/1371201505.jpg" /></p>\r\n<div style="padding:15px 0 0;font-family: ''Source Sans Pro'',''PT Sans'',Arial,sans-serif;font-weight: 200;font-size:16px;">\r\n<p>There are moments in our life when we reach for a Lafite or Opus, yet the ones I  enjoy the most are the impromptu, casual occasions spent alone or with friends enjoying a glass. <br />\r\n<br />\r\nAfter years of buying wine, I noticed the selection has become wider and choosing has become harder, yet you only need one bottle you like. This is what wine appreciation should be about. <br />\r\n<br />\r\nHaving lived in California for 20 years, I wanted to bring its unique attitude and lifestyle to my friends in China. I have personally chosen a select group of wines because I believe that it&rsquo;s not about having the largest most lucrative selection but about leaving the most memorable impression.<br />\r\n<br />\r\n<br />\r\n<br />\r\n&nbsp;</p>\r\n</div>', 'zh_cn'),
(20, 12, 'About Sing', 'Cum sociis natoque penatibus et magnis dis parturient montes.', '<h1 class="aboutTitle">About Sing</h1>\r\n<p><img width="697" alt="" src="/webmaster/fillmore/pic/cv/uploads/20130614/image/1371201505.jpg" /></p>\r\n<div style="padding:15px 0 0;font-family: ''Source Sans Pro'',''PT Sans'',Arial,sans-serif;font-weight: 200;font-size:16px;">\r\n<p>There are moments in our life when we reach for a Lafite or Opus, yet the ones I <br />\r\nenjoy the most are the impromptu, casual occasions spent alone or with friends enjoying a glass. <br />\r\n<br />\r\nAfter years of buying wine, I noticed the selection has become wider and choosing has become harder, yet you only need one bottle you like. This is what wine appreciation should be about. <br />\r\n<br />\r\nHaving lived in California for 20 years, I wanted to bring its unique attitude and lifestyle to my friends in China. I have personally chosen a select group of wines because I believe that it&rsquo;s not about having the largest most lucrative selection but about leaving the most memorable impression.<br />\r\n<br />\r\n<br />\r\n<br />\r\n&nbsp;</p>\r\n</div>\r\n<h1 class="aboutTitle">About Sing</h1>\r\n<p><img width="697" alt="" src="/webmaster/fillmore/pic/cv/uploads/20130614/image/1371201505.jpg" /></p>\r\n<div style="padding:15px 0 0;font-family: ''Source Sans Pro'',''PT Sans'',Arial,sans-serif;font-weight: 200;font-size:16px;">\r\n<p>There are moments in our life when we reach for a Lafite or Opus, yet the ones I  enjoy the most are the impromptu, casual occasions spent alone or with friends enjoying a glass. <br />\r\n<br />\r\nAfter years of buying wine, I noticed the selection has become wider and choosing has become harder, yet you only need one bottle you like. This is what wine appreciation should be about. <br />\r\n<br />\r\nHaving lived in California for 20 years, I wanted to bring its unique attitude and lifestyle to my friends in China. I have personally chosen a select group of wines because I believe that it&rsquo;s not about having the largest most lucrative selection but about leaving the most memorable impression.<br />\r\n<br />\r\n<br />\r\n<br />\r\n&nbsp;</p>\r\n</div>', 'zh_tw'),
(21, 13, 'Privacy &amp; Security', 'Privacy &amp; Security', '<p><style type="text/css">span{text-transform: uppercase;}</style></p>\r\n<p><br />\r\nAt Fillmore (http://www.fillmorewine.com, the ''our site'', ''this site'', ''us'', ''we'', or ''our''), we are concerned about the security of our customers'' personal information. Accordingly, we recognize and respect the importance of maintaining the privacy of our customers while they shop on this website, and as a result, we have established this Privacy Policy. We have provided you with this policy statement to inform you of the kinds of information. We will gather and use your personal information carefully and sensibly. We receive and store any information you enter on our site; we will use and share this information for such purposes as responding to your requests, customizing future shopping for you and communicating with you. We encourage you to review the Privacy Policy below carefully before visiting and using this site. When you voluntarily provide us with your information, you consent to the gathering, using and sharing information in accordance with the terms of this Privacy Policy.<br />\r\n<br />\r\n<span>What information do we gather?</span><br />\r\nIn order for you to purchase on this site, you may provide your contact information (such as name, address, post code, telephone number, and e-mail address) to complete a registration. When you order from this site we may collect certain delivery information (such as an alternate contact, address, and telephone number in the event you are not available to accept delivery) and financial information (such as the way you make the payment). In order for you to purchase products that we offer via this site, we require you to provide us with information that personally identifies you and please keep updating them.Additionally, we automatically track and collect certain types of information whenever you interact with us, including your URL and IP address, the type of Web browser you are using, the language you prefer, the date and time you are visiting, the site page you have visited and so on. Like many Web sites, we use &quot;cookies,&quot; and we obtain certain types of information when your Web browser accesses Fillmore.com.<br />\r\n<br />\r\n<span>How we use the information gathered? </span><br />\r\nWe will not sell, transfer or leak any personally identifiable customer information to third-part excluding our site. The information you provided via oral, written and/or media forms, will only be used as described below:<br />\r\n<br />\r\nWhile providing services such as online booking, technical support and marketing, the website and the related service providers will have access to information gathered, which however will be used strictly within the service scope.<br />\r\n<br />\r\nOur employees at customer service center will review the information you provide while responding to your questions about the product and service at our site.<br />\r\n<br />\r\nWhen you consent to receiving material such as product information, promotional mailings and activities information through e-mail or SMS message from us, the information about you would be shared by us and our affiliated businesses partners. Also, those materials include the promotion and activities information from our site and our business partners. We do have the right to manage and control the information we forward from our business partners, but we are not responsible to assume any consequences arisen from them.<br />\r\n<br />\r\nWe do review the resume and related documents you submit for the hiring process. This information is only used by internal staff.<br />\r\n<br />\r\nUnder specific legislative and legal requirements, we will disclose certain information accordingly.<br />\r\n<br />\r\nIn order to safeguard the legitimate rights of our site, also to protect and defend the rights, property and security of others, we will disclose relevant information.<br />\r\n<br />\r\n<span>Use of Cookies</span><br />\r\nFillmore uses cookies to identify you and the data you have been used, which allow our systems to remember your shopping cart, and other shopping information, as you browse our site. By allowing our systems to set a cookie on your computer, you will not have to log in the password more than once per visit, thereby saving you time while on our site. Moreover, cookies also enable us to learn your interests and enhance your experience on our site. <br />\r\nCookies are alphanumeric identifiers that we transfer to your computer''s hard drive through your Web browser to enable our systems to recognize your browser. You can block or otherwise reject our cookies by instructing your browsers. If you prevent your browser from accepting our cookies, you may still use our site, but certain aspects of the shopping experience with Fillmore may be impacted.<br />\r\n<br />\r\n<span>Account Information</span><br />\r\nIn order to improve our service quality, please keep all your account information current, including address, payment information, telephone number, e-mail address, and alternate receiver for your order. <br />\r\n<br />\r\n<span>Privacy Safety</span><br />\r\nWe will exercise commercially reasonable efforts to ensure that your information remains confidential. In order to prevent any lost, abuse, reveal, modification and unauthorized access, we work to protect the security of your information during transmission by using Secure Sockets Layer (SSL) technology, which encrypts information you input. <br />\r\nTo prevent your information being revealed when you make a transaction at our site, all sensitive financial issues (including debit/credit card verified and payment confirmation) are processed by relevant banks directly. Our site does not retain the correlated data.<br />\r\n<br />\r\n<span>About Links </span><br />\r\nOur site includes third-parties advertising and links to other web sites. However, we do not take responsibility for the privacy policy of these web sites. We encourage you to review and understand their privacy policy.<br />\r\n<br />\r\n<span>Amendment to This Policy</span><br />\r\nWe reserve the right to make changes to privacy policy in our site. We may amend this policy at any time by posting the amended terms post notice. Therefore, we suggest that you review the newest content of the policy while visiting and using our site.<br />\r\n<br />\r\n<span>Questions and Feedbacks</span><br />\r\nIn addition, Fillmore welcomes feedback concerning its privacy policy.<br />\r\n</p>', 'en_us'),
(22, 13, 'Privacy &amp; Security', 'Privacy &amp; Security', '<p><br />\r\nAt Fillmore (http://www.fillmorewine.com, the ''our site'', ''this site'',  ''us'', ''we'', or ''our''), we are concerned about the security of our  customers'' personal information. Accordingly, we recognize and respect  the importance of maintaining the privacy of our customers while they  shop on this website, and as a result, we have established this Privacy  Policy. We have provided you with this policy statement to inform you of  the kinds of information. We will gather and use your personal  information carefully and sensibly. We receive and store any information  you enter on our site; we will use and share this information for such  purposes as responding to your requests, customizing future shopping for  you and communicating with you. We encourage you to review the Privacy  Policy below carefully before visiting and using this site. When you  voluntarily provide us with your information, you consent to the  gathering, using and sharing information in accordance with the terms of  this Privacy Policy.<br />\r\n<br />\r\n<span>What information do we gather?</span><br />\r\nIn order for you to purchase on this site, you may provide your contact  information (such as name, address, post code, telephone number, and  e-mail address) to complete a registration. When you order from this  site we may collect certain delivery information (such as an alternate  contact, address, and telephone number in the event you are not  available to accept delivery) and financial information (such as the way  you make the payment). In order for you to purchase products that we  offer via this site, we require you to provide us with information that  personally identifies you and please keep updating them.Additionally, we  automatically track and collect certain types of information whenever  you interact with us, including your URL and IP address, the type of Web  browser you are using, the language you prefer, the date and time you  are visiting, the site page you have visited and so on. Like many Web  sites, we use &quot;cookies,&quot; and we obtain certain types of information when  your Web browser accesses Fillmore.com.<br />\r\n<br />\r\n<span>How we use the information gathered? </span><br />\r\nWe will not sell, transfer or leak any personally identifiable customer  information to third-part excluding our site. The information you  provided via oral, written and/or media forms, will only be used as  described below:<br />\r\n<br />\r\nWhile providing services such as online booking, technical support and  marketing, the website and the related service providers will have  access to information gathered, which however will be used strictly  within the service scope.<br />\r\n<br />\r\nOur employees at customer service center will review the information you  provide while responding to your questions about the product and  service at our site.<br />\r\n<br />\r\nWhen you consent to receiving material such as product information,  promotional mailings and activities information through e-mail or SMS  message from us, the information about you would be shared by us and our  affiliated businesses partners. Also, those materials include the  promotion and activities information from our site and our business  partners. We do have the right to manage and control the information we  forward from our business partners, but we are not responsible to assume  any consequences arisen from them.<br />\r\n<br />\r\nWe do review the resume and related documents you submit for the hiring  process. This information is only used by internal staff.<br />\r\n<br />\r\nUnder specific legislative and legal requirements, we will disclose certain information accordingly.<br />\r\n<br />\r\nIn order to safeguard the legitimate rights of our site, also to protect  and defend the rights, property and security of others, we will  disclose relevant information.<br />\r\n<br />\r\n<span>Use of Cookies</span><br />\r\nFillmore uses cookies to identify you and the data you have been used,  which allow our systems to remember your shopping cart, and other  shopping information, as you browse our site. By allowing our systems to  set a cookie on your computer, you will not have to log in the password  more than once per visit, thereby saving you time while on our site.  Moreover, cookies also enable us to learn your interests and enhance  your experience on our site. <br />\r\nCookies are alphanumeric identifiers that we transfer to your computer''s  hard drive through your Web browser to enable our systems to recognize  your browser. You can block or otherwise reject our cookies by  instructing your browsers. If you prevent your browser from accepting  our cookies, you may still use our site, but certain aspects of the  shopping experience with Fillmore may be impacted.<br />\r\n<br />\r\n<span>Account Information</span><br />\r\nIn order to improve our service quality, please keep all your account  information current, including address, payment information, telephone  number, e-mail address, and alternate receiver for your order. <br />\r\n<br />\r\n<span>Privacy Safety</span><br />\r\nWe will exercise commercially reasonable efforts to ensure that your  information remains confidential. In order to prevent any lost, abuse,  reveal, modification and unauthorized access, we work to protect the  security of your information during transmission by using Secure Sockets  Layer (SSL) technology, which encrypts information you input. <br />\r\nTo prevent your information being revealed when you make a transaction  at our site, all sensitive financial issues (including debit/credit card  verified and payment confirmation) are processed by relevant banks  directly. Our site does not retain the correlated data.<br />\r\n<br />\r\n<span>About Links </span><br />\r\nOur site includes third-parties advertising and links to other web  sites. However, we do not take responsibility for the privacy policy of  these web sites. We encourage you to review and understand their privacy  policy.<br />\r\n<br />\r\n<span>Amendment to This Policy</span><br />\r\nWe reserve the right to make changes to privacy policy in our site. We  may amend this policy at any time by posting the amended terms post  notice. Therefore, we suggest that you review the newest content of the  policy while visiting and using our site.<br />\r\n<br />\r\n<span>Questions and Feedbacks</span><br />\r\nIn addition, Fillmore welcomes feedback concerning its privacy policy.<br />\r\n</p>', 'zh_cn'),
(23, 13, 'Privacy &amp; Security', 'Privacy &amp; Security', '<p><br />\r\nAt Fillmore (http://www.fillmorewine.com, the ''our site'', ''this site'',  ''us'', ''we'', or ''our''), we are concerned about the security of our  customers'' personal information. Accordingly, we recognize and respect  the importance of maintaining the privacy of our customers while they  shop on this website, and as a result, we have established this Privacy  Policy. We have provided you with this policy statement to inform you of  the kinds of information. We will gather and use your personal  information carefully and sensibly. We receive and store any information  you enter on our site; we will use and share this information for such  purposes as responding to your requests, customizing future shopping for  you and communicating with you. We encourage you to review the Privacy  Policy below carefully before visiting and using this site. When you  voluntarily provide us with your information, you consent to the  gathering, using and sharing information in accordance with the terms of  this Privacy Policy.<br />\r\n<br />\r\n<span>What information do we gather?</span><br />\r\nIn order for you to purchase on this site, you may provide your contact  information (such as name, address, post code, telephone number, and  e-mail address) to complete a registration. When you order from this  site we may collect certain delivery information (such as an alternate  contact, address, and telephone number in the event you are not  available to accept delivery) and financial information (such as the way  you make the payment). In order for you to purchase products that we  offer via this site, we require you to provide us with information that  personally identifies you and please keep updating them.Additionally, we  automatically track and collect certain types of information whenever  you interact with us, including your URL and IP address, the type of Web  browser you are using, the language you prefer, the date and time you  are visiting, the site page you have visited and so on. Like many Web  sites, we use &quot;cookies,&quot; and we obtain certain types of information when  your Web browser accesses Fillmore.com.<br />\r\n<br />\r\n<span>How we use the information gathered? </span><br />\r\nWe will not sell, transfer or leak any personally identifiable customer  information to third-part excluding our site. The information you  provided via oral, written and/or media forms, we use them only as  described below:<br />\r\n<br />\r\nWhile providing services such as online booking, technical support and  marketing, the website and the related service providers will have  access to information gathered, which however will be used strictly  within the service scope.<br />\r\n<br />\r\nOur employees at customer service centre will review the information you  provide while responding to your questions about the product and  service at our site.<br />\r\n<br />\r\nWhen you consent to receiving material such as product information,  promotional mailings and activities information through e-mail or SMS  message from us, the information about you would be share by us and our  affiliated businesses partners. Also, those materials include the  promotion and activities information from our site and our business  partners. We do have right to manage and control the information we  forward from our business partners, but we are not responsible to assume  any consequences arise from them.<br />\r\n<br />\r\nWe do review the resume and related documents you submit within hiring process, this information only used by intra staffs.<br />\r\n<br />\r\nUnder specific legislative and legal requirements, we will disclose certain information accordingly.<br />\r\n<br />\r\nIn order to safeguard the legitimate rights of our site, also to protect  and defend the rights, property and security of others, we will  disclose relevant information.<br />\r\n<br />\r\n<span>Use of Cookies</span><br />\r\nFillmore uses cookies to identify you and the data you have been used,  which allow our systems to remember your shopping cart, and other  shopping information, as you browse our site. By allowing our systems to  set a cookie on your computer, you will not have to log in the password  more than once per visit, thereby saving you time while on our site.  Moreover, cookies also enable us to learn your interests and enhance  your experience on our site. <br />\r\nCookies are alphanumeric identifiers that we transfer to your computer''s  hard drive through your Web browser to enable our systems to recognize  your browser. You can block or otherwise reject our cookies by  instructing your browsers. If you prevent your browser from accepting  our cookies, you may still use our site, but certain aspects of the  shopping experience with City Shop may be impacted.<br />\r\n<br />\r\n<span>Account Information</span><br />\r\nAmendmentIn order to improve our service quality, please keep all your  account information current, including address, payment information,  telephone number, e-mail address, and alternate receiver for your order.  You can edit your information in the following ways: <br />\r\n<br />\r\n1. In the setting section on Your Account, you can update your  information, modify your password, and also manager the setting related  subscription preferences.<br />\r\n2. Or contact our customer service center at 400-811-1797.<br />\r\n<br />\r\n<span>Privacy Safety</span><br />\r\nWe will exercise commercially reasonable efforts to ensure that your  information remains confidential. In order to prevent any lost, abuse,  reveal, modification and unauthorized access, we work to protect the  security of your information during transmission by using Secure Sockets  Layer (SSL) technology, which encrypts information you input. <br />\r\nTo prevent you information being revealed when you make a transaction at  our site, all sensitive financial issue (including debit/credit card  verified and payment confirmation) are processed by relevant banks  directly, our site does not retain the correlate data.<br />\r\n<br />\r\n<span>About Links </span><br />\r\nOur site includes third-parties (not our intra companies) advertising  and links to other web sites, however, we do not take responsibility for  the privacy policy of these web sites. We encourage you to review and  understand their privacy policy.<br />\r\n<br />\r\n<span>Amendment to This Policy</span><br />\r\nWe reserve the right to make changes to privacy policy in our site. We  may amend this policy at any time by posting the amended terms post  notice on bulletin board. Therefore, we suggest you review the newest  content of the policy while visiting and using our site.<br />\r\n<br />\r\n<span>Questions and Feedbacks</span><br />\r\nIn addition, Fillmore welcomes feedback concerning its privacy policy.<br />\r\n<br />\r\n<span>When you register in our site, PRIVACY POLICY is a part to CUSTOMER AGREEMENT, please review <br />\r\nit carefully.</span></p>', 'zh_tw');
INSERT INTO `al_article_i8n` (`art_i8n_id`, `art_id`, `art_name`, `art_overview`, `art_detail`, `i8n`) VALUES
(24, 14, 'Fillmore Terms of Use', 'Fillmore Terms of Use', '<p><style type="text/css">span{text-transform: uppercase;}</style> Welcome to our website.<br />\r\n<br />\r\nPLEASE READ THE FOLLOWING TERMS OF USE AND DISCLAIMER BEFORE USING THIS WEBSITE.<br />\r\n<br />\r\nBy accessing or using the Fillmorewine.com website, you agree to the Terms of Use of our website as set out below, and are responsible for compliance with any applicable local laws. If you do not agree with any of these terms, you are thereby prohibited access from this site. The terms &lsquo;Fillmore&rsquo;, &lsquo;us&rsquo; or &lsquo;we&rsquo; refer to the owner of the website. The term &lsquo;you&rsquo; refers to the user of our website. If you have any questions about these Terms of Use, we encourage you to contact us by the feedback form.<br />\r\n<br />\r\n<span> Application of Terms</span><br />\r\nAll who use this website, including robots, spiders, other automatic devices or agents, or any manual process is regarded to have accepted these Terms of Use. Unauthorized use of this website may give rise to claim for damages and/or be a criminal offence. We may amend these Terms of Use at any time.<br />\r\n<br />\r\n<span> Content Use</span><br />\r\nFillmore aims to monitor and oversee the constant maintenance and update of the information on its website. All contents of the site are believed to be accurate and current at the date the contents were placed on this site. They are offered on an &ldquo;as is&rdquo; basis yet we do not warrant the accuracy, reliability, adequacy or completeness of any of the website content. You acknowledge and accept that the website content may include technical inaccuracies and typographical errors. The website content is subject to change at any time without notice and may not necessarily be up to date or accurate at the time you view it.<br />\r\n<br />\r\nIt is your responsibility to inquire with us directly to ensure the accuracy and currency of the material or information you seek to rely upon. &nbsp;<br />\r\n<br />\r\nThe use of the site is at your sole risk. We shall not be liable for any losses or damages of any kind, expressed, implied or accidental, regarding the online services.<br />\r\n<br />\r\nThose who sign up to become members must agree on and take responsibility for providing valid information and keeping all your information current. You will take full responsibility for any consequences occurred when you provide fraudulent information. You will not submit material (including but not limited to user name) that is unlawful, defamatory, threatening, abusive or obscene. You will not submit anything to the site that will violate any right of any third party.<br />\r\n<br />\r\nWe may use the information you provided to send you promotional materials, institutional or sale advertising information (including but not limited to print advertising, e-mail advertising and so on) .<br />\r\n<br />\r\nBy using our services and viewing this site, please ensure the items below are strictly followed:<br />\r\n<br />\r\n1. You must comply with domestic laws and statutes;<br />\r\n2. You must comply with the agreement, regulation and system which relate to our services;<br />\r\n3. You are prohibited from using our service system for any unlawful purpose;<br />\r\n4. You are prohibited from using the site to create, copy and disseminate any unlawful message;<br />\r\n5. You are prohibited from doing anything to damage this site which includes posting any form of unsolicited commercial contents;<br />\r\n6. You are prohibited from disrupting the normal flow of the site by using our system;<br />\r\n7. You are prohibited from damaging the copyrights, trademarks, patent rights and reputation of this site, other users or third parties.<br />\r\n<br />\r\nWe have the right to monitor and assess your performance when you use our site (including but not limited to the contents you save on our site.) If you violate any of those terms above, we have right to initiate any necessary action directly or indirectly to reverse the impact of your misconduct.<br />\r\n<br />\r\n<span>Disclaimer</span><br />\r\nUsername and Password<br />\r\n<br />\r\nPlease keep your username and password secure and do not authorize any other person to use them. You should notify Fillmore promptly of any unauthorized use of your username and password. We will not be liable for any loss or damage caused by your negligence or hackers attack. You should not steal a username and password from any other individual. You will take the full consequences of any misconduct on your part.<br />\r\n<br />\r\nFillmore makes no warranties, expressed or implied, and hereby disclaims and negates all other warranties, including without limitation, implied warranties or conditions of merchantability, fitness for a particular purpose, or non-infringement of intellectual property or other violation of rights. Further, Fillmore does not warrant or make any representations concerning the accuracy, likely results, or reliability of the use of the materials on its L.C web site or otherwise relating to such materials or on any sites linked to this site.<br />\r\n<br />\r\n<span>Limitations</span><br />\r\nTo the maximum extent permitted by law, Fillmore excludes completely all liability whatsoever for any loss or damage of any kind (including special, indirect or consequential loss and including loss of business profits) however caused (including negligence) arising out of or in connection with the website content and the use or performance of the Fillmore website.<br />\r\n<br />\r\nWhere the law implies a warranty into these website Terms of Use that may not lawfully be excluded, Fillmore&rsquo;s liability for breach of such a warranty shall be limited at its option, to any one or more of the following:<br />\r\n<br />\r\n(a) in the case of goods, to any one it determines of the following: replacement of the goods or the supply of equivalent goods; payment of the cost of replacing the goods or acquiring equivalent goods; and (b) in the case of services, to either supplying the services again or payment of the cost of having the services supplied again.<br />\r\n<br />\r\n<span> Intellectual Property</span><br />\r\nThe materials displayed on this website, including without limitation all editorial materials, information, photographs, illustrations, artwork and other graphic materials, and names, logos and trademarks, are the property of Fillmore and are protected by copyright, trademark and other intellectual property laws. Any such content may be displayed and printed solely for your personal, non-commercial use within your organization only provided that any copyright notice on such a display or page is not removed. You agree not to reproduce, retransmit, distribute, disseminate, sell, publish, broadcast or circulate any such material to any third party without the express prior written consent of Fillmore.<br />\r\n<br />\r\nSave for the above, and unless expressly granted, Fillmore does not grant any license or right in, or assign all or part of, its intellectual property Terms and Conditions about using the Fillmore website, Fillmore rights in the content or applications incorporated into the Fillmore website or in the user interface of the Fillmore website.<br />\r\n<br />\r\n<span>Submissions</span><br />\r\nAny material you send to us on or via the Fillmore website will be deemed to be non-confidential and non-proprietary. This includes any data, questions, comments, suggestions, ideas or other information. We will be entitled to use such material for any purpose without compensation to you.<br />\r\n<br />\r\n<span> Third party websites</span><br />\r\nThe Fillmore website may contain links to other websites operated, controlled or produced by third parties. Unless otherwise indicated, Fillmore does not control, endorse, sponsor or approve any such third party websites or their content nor does Fillmore provide any warranty or take any responsibility whatsoever for any aspect of those websites or their content.<br />\r\n<br />\r\n<span> Links to Fillmore website</span><br />\r\nSome links on this site will allow you to connect with sites that are not under our control. Fillmore provides these links only as a convenience. The appearance of a link does not imply Fillmore endorsement, nor is Fillmore responsible for the contents of any linked site. You use them at your own risk.<br />\r\n<br />\r\nIf you wish to establish a link to this website, you must first seek approval from Fillmore. To seek approval, please contact us.<br />\r\n<br />\r\n<span> Interference with website</span><br />\r\nYou must not attempt to change, add to, remove, deface, hack or otherwise interfere with this website or any material or content displayed on the Fillmore website.<br />\r\n<br />\r\n<span>Jurisdiction</span><br />\r\nThese Terms and Conditions are governed by and construed in accordance with laws of the People&rsquo;s Republic of China. In the event that a dispute arises from these website Terms and Conditions, you agree to submit to the non-exclusive jurisdiction of the courts of the People&rsquo;s Republic of China.<br />\r\n<br />\r\n<span> Commercial Advertisements</span><br />\r\nUnder any unauthorized circumstance, any company or individual is not allowed to employ the content, platform or other usages of the website for commercial uses on behalf of Fillmore. Any company or individual is prohibited from employing any content, platform or other usages that are regarded as illegal practices. Fillmore is not responsible for any illegal practices conducted by users. Users will be responsible for their own conduct.<br />\r\n<br />\r\n<span> About Online Shopping</span><br />\r\nFor unsigned and returned products, we will, if conditions permit, leave you a note at your house. Please contact us immediately as you see the note. Upon receiving, customers are advised to check carefully the items. Once you sign the sheet and our delivery staff has left, we will not accept any exchange or return request except for quality reason. We will provide exchange/return service for products applicable to our conditions. Products may be returned or exchanged by proving the receipt within 24 hours after signing the delivery. Unqualified products or late return/exchange application will not be accepted. We are not responsible for any damage caused by customers.</p>', 'en_us'),
(25, 14, 'Fillmore Terms of Use', 'Fillmore Terms of Use', '<p>Welcome to our website.<br />\r\n<br />\r\nPLEASE READ THE FOLLOWING TERMS OF USE AND DISCLAIMER BEFORE USING THIS WEBSITE.<br />\r\n<br />\r\nBy accessing or using the Fillmorewine.com website, you agree to the  Terms of Use of our website as set out below, and are responsible for  compliance with any applicable local laws. If you do not agree with any  of these terms, you are thereby prohibited access from this site. The  terms &lsquo;Fillmore&rsquo;, &lsquo;us&rsquo; or &lsquo;we&rsquo; refer to the owner of the website. The  term &lsquo;you&rsquo; refers to the user of our website. If you have any questions  about these Terms of Use, we encourage you to contact us by the feedback  form.<br />\r\n<br />\r\n<span> Application of Terms</span><br />\r\nAll who use this website, including robots, spiders, other automatic  devices or agents, or any manual process is regarded to have accepted  these Terms of Use. Unauthorized use of this website may give rise to  claim for damages and/or be a criminal offence. We may amend these Terms  of Use at any time.<br />\r\n<br />\r\n<span> Content Use</span><br />\r\nFillmore aims to monitor and oversee the constant maintenance and update  of the information on its website. All contents of the site are  believed to be accurate and current at the date the contents were placed  on this site. They are offered on an &ldquo;as is&rdquo; basis yet we do not  warrant the accuracy, reliability, adequacy or completeness of any of  the website content. You acknowledge and accept that the website content  may include technical inaccuracies and typographical errors. The  website content is subject to change at any time without notice and may  not necessarily be up to date or accurate at the time you view it.<br />\r\n<br />\r\nIt is your responsibility to inquire with us directly to ensure the  accuracy and currency of the material or information you seek to rely  upon. &nbsp;<br />\r\n<br />\r\nThe use of the site is at your sole risk. We shall not be liable for any  losses or damages of any kind, expressed, implied or accidental,  regarding the online services.<br />\r\n<br />\r\nThose who sign up to become members must agree on and take  responsibility for providing valid information and keeping all your  information current. You will take full responsibility for any  consequences occurred when you provide fraudulent information. You will  not submit material (including but not limited to user name) that is  unlawful, defamatory, threatening, abusive or obscene. You will not  submit anything to the site that will violate any right of any third  party.<br />\r\n<br />\r\nWe may use the information you provided to send you promotional  materials, institutional or sale advertising information (including but  not limited to print advertising, e-mail advertising and so on) .<br />\r\n<br />\r\nBy using our services and viewing this site, please ensure the items below are strictly followed:<br />\r\n<br />\r\n1. You must comply with domestic laws and statutes;<br />\r\n2. You must comply with the agreement, regulation and system which relate to our services;<br />\r\n3. You are prohibited from using our service system for any unlawful purpose;<br />\r\n4. You are prohibited from using the site to create, copy and disseminate any unlawful message;<br />\r\n5. You are prohibited from doing anything to damage this site which  includes posting any form of unsolicited commercial contents;<br />\r\n6. You are prohibited from disrupting the normal flow of the site by using our system;<br />\r\n7. You are prohibited from damaging the copyrights, trademarks, patent  rights and reputation of this site, other users or third parties.<br />\r\n<br />\r\nWe have the right to monitor and assess your performance when you use  our site (including but not limited to the contents you save on our  site.) If you violate any of those terms above, we have right to  initiate any necessary action directly or indirectly to reverse the  impact of your misconduct.<br />\r\n<br />\r\n<span>Disclaimer</span><br />\r\nUsername and Password<br />\r\n<br />\r\nPlease keep your username and password secure and do not authorize any  other person to use them. You should notify Fillmore promptly of any  unauthorized use of your username and password. We will not be liable  for any loss or damage caused by your negligence or hackers attack. You  should not steal a username and password from any other individual. You  will take the full consequences of any misconduct on your part.<br />\r\n<br />\r\nFillmore makes no warranties, expressed or implied, and hereby disclaims  and negates all other warranties, including without limitation, implied  warranties or conditions of merchantability, fitness for a particular  purpose, or non-infringement of intellectual property or other violation  of rights. Further, Fillmore does not warrant or make any  representations concerning the accuracy, likely results, or reliability  of the use of the materials on its L.C web site or otherwise relating to  such materials or on any sites linked to this site.<br />\r\n<br />\r\n<span>Limitations</span><br />\r\nTo the maximum extent permitted by law, Fillmore excludes completely all  liability whatsoever for any loss or damage of any kind (including  special, indirect or consequential loss and including loss of business  profits) however caused (including negligence) arising out of or in  connection with the website content and the use or performance of the  Fillmore website.<br />\r\n<br />\r\nWhere the law implies a warranty into these website Terms of Use that  may not lawfully be excluded, Fillmore&rsquo;s liability for breach of such a  warranty shall be limited at its option, to any one or more of the  following:<br />\r\n<br />\r\n(a) in the case of goods, to any one it determines of the following:  replacement of the goods or the supply of equivalent goods; payment of  the cost of replacing the goods or acquiring equivalent goods; and (b)  in the case of services, to either supplying the services again or  payment of the cost of having the services supplied again.<br />\r\n<br />\r\n<span> Intellectual Property</span><br />\r\nThe materials displayed on this website, including without limitation  all editorial materials, information, photographs, illustrations,  artwork and other graphic materials, and names, logos and trademarks,  are the property of Fillmore and are protected by copyright, trademark  and other intellectual property laws. Any such content may be displayed  and printed solely for your personal, non-commercial use within your  organization only provided that any copyright notice on such a display  or page is not removed. You agree not to reproduce, retransmit,  distribute, disseminate, sell, publish, broadcast or circulate any such  material to any third party without the express prior written consent of  Fillmore.<br />\r\n<br />\r\nSave for the above, and unless expressly granted, Fillmore does not  grant any license or right in, or assign all or part of, its  intellectual property Terms and Conditions about using the Fillmore  website, Fillmore rights in the content or applications incorporated  into the Fillmore website or in the user interface of the Fillmore  website.<br />\r\n<br />\r\n<span>Submissions</span><br />\r\nAny material you send to us on or via the Fillmore website will be  deemed to be non-confidential and non-proprietary. This includes any  data, questions, comments, suggestions, ideas or other information. We  will be entitled to use such material for any purpose without  compensation to you.<br />\r\n<br />\r\n<span> Third party websites</span><br />\r\nThe Fillmore website may contain links to other websites operated,  controlled or produced by third parties. Unless otherwise indicated,  Fillmore does not control, endorse, sponsor or approve any such third  party websites or their content nor does Fillmore provide any warranty  or take any responsibility whatsoever for any aspect of those websites  or their content.<br />\r\n<br />\r\n<span> Links to Fillmore website</span><br />\r\nSome links on this site will allow you to connect with sites that are  not under our control. Fillmore provides these links only as a  convenience. The appearance of a link does not imply Fillmore  endorsement, nor is Fillmore responsible for the contents of any linked  site. You use them at your own risk.<br />\r\n<br />\r\nIf you wish to establish a link to this website, you must first seek  approval from Fillmore. To seek approval, please contact us.<br />\r\n<br />\r\n<span> Interference with website</span><br />\r\nYou must not attempt to change, add to, remove, deface, hack or  otherwise interfere with this website or any material or content  displayed on the Fillmore website.<br />\r\n<br />\r\n<span>Jurisdiction</span><br />\r\nThese Terms and Conditions are governed by and construed in accordance  with laws of the People&rsquo;s Republic of China. In the event that a dispute  arises from these website Terms and Conditions, you agree to submit to  the non-exclusive jurisdiction of the courts of the People&rsquo;s Republic of  China.<br />\r\n<br />\r\n<span> Commercial Advertisements</span><br />\r\nUnder any unauthorized circumstance, any company or individual is not  allowed to employ the content, platform or other usages of the website  for commercial uses on behalf of Fillmore. Any company or individual is  prohibited from employing any content, platform or other usages that are  regarded as illegal practices. Fillmore is not responsible for any  illegal practices conducted by users. Users will be responsible for  their own conduct.<br />\r\n<br />\r\n<span> About Online Shopping</span><br />\r\nFor unsigned and returned products, we will, if conditions permit, leave  you a note at your house. Please contact us immediately as you see the  note. Upon receiving, customers are advised to check carefully the  items. Once you sign the sheet and our delivery staff has left, we will  not accept any exchange or return request except for quality reason. We  will provide exchange/return service for products applicable to our  conditions. Products may be returned or exchanged by proving the receipt  within 24 hours after signing the delivery. Unqualified products or  late return/exchange application will not be accepted. We are not  responsible for any damage caused by customers.</p>', 'zh_cn'),
(26, 14, 'Fillmore Terms of Use', 'Fillmore Terms of Use', '<p>Welcome to our website.<br />\r\n<br />\r\nPLEASE READ THE FOLLOWING TERMS OF USE AND DISCLAIMER BEFORE USING THIS WEBSITE.<br />\r\n<br />\r\nBy accessing or using the Fillmore website, you agree to the Terms of  Use of our website as set out below, and are responsible for compliance  with any applicable local laws. If you do not agree with any of these  terms, you are thereby prohibited access from this site. The terms  &lsquo;Fillmore&rsquo;, &lsquo;us&rsquo; or &lsquo;we&rsquo; refer to the owner of the website. The term  &lsquo;you&rsquo; refers to the user of viewer of our website. If you have any  questions about these Terms of Use, we encourage you to contact us.<br />\r\n<br />\r\n<span> Application of Terms</span><br />\r\nAll who use this website, including robots, spiders, other automatic  devices or agents, or any manual process is regarded to have accepted to  these Terms of Use. Unauthorised use of this website may give rise to  claim for damages and/or be a criminal offence. We may amend these Terms  of Use at any time.<br />\r\n<br />\r\n<span> Content Use</span><br />\r\nFillmore aims to monitor and oversee the constant maintenance and update  of the information on its website. All contents of the site are  believed to be accurate and current at the date the contents were placed  on this site. They are offered on an &ldquo;as is&rdquo; basis yet we do not  warrant the accuracy, reliability, adequacy or completeness of any of  the website content. You acknowledge and accept that the website content  may include technical inaccuracies and typographical errors. The  website content is subject to change at any time without notice and may  not necessarily be up to date or accurate at the time you view it.<br />\r\n<br />\r\nIt is your responsibility to enquire with us directly to ensure the  accuracy and currency of the material or information you seek to rely  upon. &nbsp;<br />\r\n<br />\r\nThe use of the site is at your sole risk. We shall not be liable for any  losses or damages of any kind, expressed, implied or accidental,  regarding the online services.<br />\r\n<br />\r\nThose who sign up to become members must agree on and take  responsibility for providing valid information and keeping all your  information current. You will take full responsibility for any  consequences occurred when you provide fraudulent information. You will  not submit material (including but not limited to user name) that is  unlawful, defamatory, threatening, abusive or obscene. You will not  submit anything to the site that will violate any right of any third  party.<br />\r\n<br />\r\nPlease keep your ID and password secure and do not authorize any other  person to use them. You should notify Fillmore straight away of any  unauthorised use of your ID and password.<br />\r\n<br />\r\nWe may use the information you provided to send you promotional  materials, institutional or sale advertising information (including but  not limited to print advertising, e-mail advertising and so on)<br />\r\n<br />\r\nBy using our services and viewing this site, please ensure the items below are strictly followed:<br />\r\n<br />\r\n1. You must comply with domestic laws and statutes;<br />\r\n2. You must comply with the agreement, regulation and system which relate to our services;<br />\r\n3. You are prohibited from using our service system for any unlawful purpose;<br />\r\n4. You are prohibited from using the site to create, copy and disseminate any unlawful message;<br />\r\n5. You are prohibited from doing anything to damage this site which  includes posting any form of unsolicited commercial contents;<br />\r\n6. You are prohibited from disrupting the normal flow of the site by using our system;<br />\r\n7. You are prohibited from damaging the copyrights, trademarks, patent  rights and reputation of this site, other users or third parties.<br />\r\n<br />\r\nWe have the right to monitor and assess your performance when you use  our site (including not limited to the contents you save on our site.)  If you violate any of those terms above, we have right to initiate any  necessary action directly or indirectly to reverse the impact of your  misconduct.<br />\r\n<br />\r\n<span>Disclaimer</span><br />\r\nID and Password<br />\r\n<br />\r\nPlease keep your ID and password secure and do not authorize any other  person to use them. You should notify City Shop promptly of any  unauthorized use of your ID and password. We will not be liable for any  loss or damage caused by your negligence or hackers attack. You should  not steal ID and password from any other individual. You will take the  full consequences of your misconduct.<br />\r\n<br />\r\nFillmore makes no warranties, expressed or implied, and hereby disclaims  and negates all other warranties, including without limitation, implied  warranties or conditions of merchantability, fitness for a particular  purpose, or non-infringement of intellectual property or other violation  of rights. Further, Fillmore does not warrant or make any  representations concerning the accuracy, likely results, or reliability  of the use of the materials on its Internet web site or otherwise  relating to such materials or on any sites linked to this site.<br />\r\n<br />\r\n<span>Limitations</span><br />\r\nTo the maximum extent permitted by law, Fillmore excludes completely all  liability whatsoever for any loss or damage of any kind (including  special, indirect or consequential loss and including loss of business  profits) however caused (including negligence) arising out of or in  connection with the website content and the use or performance of the  Fillmore website.<br />\r\n<br />\r\nWhere the law implies a warranty into these website Terms of Use that  may not lawfully be excluded, Fillmore&rsquo;s liability for breach of such a  warranty shall be limited at its option, to any one or more of the  following:<br />\r\n<br />\r\n(a) in the case of goods, to any one it determines of the following:  replacement of the goods or the supply of equivalent goods; payment of  the cost of replacing the goods or acquiring equivalent goods; and (b)  in the case of services, to either supplying the services again or  payment of the cost of having the services supplied again.<br />\r\n<br />\r\n<span> Intellectual Property</span><br />\r\nThe materials displayed on this website, including without limitation  all editorial materials, information, photographs, illustrations,  artwork and other graphic materials, and names, logos and trade marks,  are the property of Fillmore and are protected by copyright, trade mark  and other intellectual property laws. Any such content may be displayed  and printed solely for your personal, non-commercial use within your  organization only provided that any copyright notice on such a display  or page is not removed. You agree not to reproduce, retransmit,  distribute, disseminate, sell, publish, broadcast or circulate any such  material to any third party without the express prior written consent of  Fillmore.<br />\r\n<br />\r\nSave for the above, and unless expressly granted, Fillmore does not  grant any license or right in, or assign all or part of, its  intellectual property Terms and conditions about using the Fillmore  website | Fillmore rights in the content or applications incorporated  into the Fillmore website or in the user interface of the Fillmore  website.<br />\r\n<br />\r\n<span>Submissions</span><br />\r\nAny material you send to us on or via the Fillmore website will be  deemed to be non-confidential and non-proprietary. This includes any  data, questions, comments, suggestions, ideas or other information. We  will be entitled to use such material for any purpose without  compensation to you.<br />\r\n<br />\r\n<span> Third party websites</span><br />\r\nThe Fillmore website may contain links to other websites operated,  controlled or produced by third parties. Unless otherwise indicated,  Fillmore does not control, endorse, sponsor or approve any such third  party websites or their content nor does Fillmore provide any warranty  or take any responsibility whatsoever for any aspect of those websites  or their content.<br />\r\n<br />\r\n<span> Links to Fillmore website</span><br />\r\nSome links on this site will allow you to connect with sites that are  not under our control. Fillmore provides these links only as a  convenience. The appearance of a link does not imply Fillmore  endorsement, nor is Fillmore responsible for the contents of any linked  site. You use them at your own risk.<br />\r\n<br />\r\nIf you wish to establish a link to this website, you must first seek  approval from Fillmore. To seek approval, please contact us.<br />\r\n<br />\r\n<span> Interference with website</span><br />\r\nYou must not attempt to change, add to, remove, deface, hack or  otherwise interfere with this website or any material or content  displayed on the Fillmore website.<br />\r\n<br />\r\n<span>Jurisdiction</span><br />\r\nThese Terms and Conditions are governed by and construed in accordance  with laws of the People&rsquo;s Republic of China. In the event that a dispute  arises from these website Terms and Conditions, you agree to submit to  the non-exclusive jurisdiction of the courts of the People&rsquo;s Republic of  China.<br />\r\n<br />\r\n<span> Commercial Advertisements</span><br />\r\nUnder any unauthorized circumstance, any company or individual is not  allowed to employ the content, platform or other usages of the website  for commercial uses on behalf of Fillmore. Any company or individual is  prohibited from employing any content, platform or other usages that are  regarded as illegal practices. Fillmore is not responsible for any  illegal practices conducted by users. Users will be responsible for  their own conduct.<br />\r\n<br />\r\n<span> About Online Shopping</span><br />\r\nFor unsigned and returned products, we will, if conditions permit, leave  you a note at your house. Please contact us immediately as you see the  note. Upon receiving, customers are advised to check carefully the  items. Once you sign the sheet and our delivery staff has left, we will  not accept any exchange or return request except for quality reason. We  will provide exchange/return service for products applicable to our  conditions. Products may be returned or exchanged by proving the receipt  within 24 hours after signing the delivery. Unqualified products or  late return/exchange application will not be accepted. We are not  responsible for any damage caused by customers.</p>', 'zh_tw'),
(27, 15, 'Sitemap', 'Sitemap', '', 'en_us'),
(28, 15, 'Sitemap', 'Sitemap', '', 'zh_cn'),
(29, 15, 'Sitemap', 'Sitemap', '', 'zh_tw'),
(30, 16, 'Contact Fillmore', '', '<p><img alt="" src="http://127.0.0.1/fillmore/demo/lib/ckfinder/userfiles/images/1374748926.jpg" /><br />\r\nWe are happy to assist in answering any questions you may have.<br />\r\nPlease contact us at:<br />\r\n<br />\r\nTelephone: &nbsp;&nbsp; +86 21 6256 3752<br />\r\nEmail:&nbsp; &nbsp; &nbsp; &nbsp; &nbsp; &nbsp; &nbsp; <a href="mailto:info@fillmorewine.com" style="color:#E38826">info@fillmorewine.com</a></p>\r\n', 'en_us'),
(31, 16, 'Contact Fillmore', '', '<p><br />\r\nWe are happy to assist in answering any questions you may have.<br />\r\nPlease contact us at:<br />\r\n<br />\r\nTelephone: &nbsp;+86 21 6256 3752<br />\r\nEmail: &nbsp; &nbsp; &nbsp; &nbsp; &nbsp; &nbsp;<a href="mailto:info@fillmorewine.com" style="color:#E38826">info@fillmorewine.com</a></p>\r\n', 'zh_cn'),
(32, 16, 'Contact Fillmore', '', '', 'zh_tw'),
(33, 17, 'Our summer reads1', 'Reading is a time-honored pleasure, and in the heat of our hectic and all-consuming schedules, moments spent alone with a book are like gold and dust. In light of that fact, we have saved you some valuable time with our recommended reading list for the summer. Happy perusing and enjoy these rare moments.\r\n', '<p>Reading is a time-honored pleasure, and in the heat of our hectic and all-consuming schedules, moments spent alone with a book are like gold and dust. In light of that fact, we have saved you some valuable time with our recommended reading list for the summer. Happy perusing and enjoy these rare moments.</p>\r\n\r\n<div style="margin:10px 0 10px 0;"><img alt="" src="./pic/cv/uploads/20130730/1375180110.png" style="float:left; height:230px; width:200px" />\r\n<div style="margin:10px 0 0 10px;max-width:470px;float:left;"><strong>A SONG OF ICE AND FIRE</strong>, George R.R.Martin, 1996 - 2013<br />\r\n<br />\r\nYou may be more familiar with its TV show format &lsquo;Game of thrones&rsquo; which took its title from the first book of this epic fantasy, but the books offer a far more insightful and brilliant immersion into R.R. Martin&rsquo;s pseudo-medieval fantasy phenomenon. Worth making the time for.<br />\r\n<br />\r\n&ldquo;the great fantasy epic of our era.&rdquo; TIME Magazine 2011</div>\r\n\r\n<div style="clear:both;height:1px;">&nbsp;</div>\r\n</div>\r\n\r\n<div style="margin:10px 0 10px 0;"><img alt="" src="./pic/cv/uploads/20130730/1375180135.png" style="float:left; height:282px; width:200px" />\r\n<div style="margin:20px 0 0 10px;max-width:470px;float:left;"><strong>I LOVE NEW YORK</strong>, Daniel Humm and Will Guidara, April 2013<br />\r\n<br />\r\nThis is an exploration of so much more than cooking. A cookbook that aims to showcase New York&rsquo;s great heritage and unique cuisine like you have never known it.<br />\r\n<br />\r\n&ldquo;In I Love New York, Humm and Guidara present an in-depth look at the region&rsquo;s centuries-old farming traditions along with nearly 150 recipes that highlight its outstanding ingredients. Lushly illustrated with photographs of the area&rsquo;s dramatic landscapes and the farmers who tend the land, this unique ode introduces the concept of New York regional cuisine as it celebrates the bounty of this exceptional state.&rdquo; Random House 2013</div>\r\n\r\n<div style="clear:both;height:1px;">&nbsp;</div>\r\n</div>\r\n\r\n<div style="margin:10px 0 10px 0;"><img alt="" src="./pic/cv/uploads/20130730/1375180123.png" style="float:left; height:282px; width:200px" />\r\n<div style="margin:8px 0 0 10px;max-width:470px;float:left;"><strong>THE NEW DIGITAL AGE</strong>, Eric Schmidt and Jared Cohen, 2013<br />\r\n<br />\r\nConsidering that the current debate about online privacy and security has become part of our daily dialogue, Google&rsquo;s Executive Chairman, Eric Schimdt and co-writer Jared Cohen&rsquo;s &ldquo;The New Digital Age&rdquo; is an essential read of the moment.<br />\r\n<br />\r\n&ldquo;a sober examination of what current technological trends mean for our future. That includes the ability of repressive governments to turn every smartphone into a bugging device; the breakdown of privacy; the danger of countries setting up their own, censored versions of the internet; the threat of hackers, terrorists and cyber-warfare; and, at root, the fact that people and governments will have to function in both the real and virtual worlds, which will not just overlap but collide.&rdquo; The Telegraph 2013</div>\r\n\r\n<div style="clear:both;height:1px;">&nbsp;</div>\r\n</div>\r\n\r\n<div style="margin:10px 0 10px 0;"><img alt="" src="./pic/cv/uploads/20130730/1375180094.png" style="float:left; height:282px; width:200px" />\r\n<div style="margin:18px 0 0 10px;max-width:470px;float:left;"><strong>THE OLD MAN AND THE SEA</strong>, Ernest Hemingway, 1952<br />\r\n<br />\r\nHemingway&rsquo;s last prominent work to be published, about an unfortunate old fisherman in Cuba, prompted the entire re-evaluation of Hemingway&rsquo;s work and brought him great critical acclaim. It was awarded the Pullitzer Prize for Fiction 1953 and The Nobel Prize in Literature in 1954.<br />\r\n<br />\r\n&ldquo;The Nobel Prize in Literature 1954 was awarded to Ernest Hemingway &quot;for his mastery of the art of narrative, most recently demonstrated in The Old Man and the Sea, and for the influence that he has exerted on contemporary style&rdquo; The Nobel Foundation 1954</div>\r\n\r\n<div style="clear:both;height:1px;">&nbsp;</div>\r\n</div>\r\n\r\n<div style="margin:10px 0 10px 0;"><img alt="" src="./pic/cv/uploads/20130730/1375180081.png" style="float:left; height:282px; width:200px" />\r\n<div style="margin:20px 0 0 10px;max-width:470px;float:left;"><strong>SEVEN AMERICAN DEATHS AND DISASTERS</strong>, Kenneth Goldsmith, June 2013<br />\r\n<br />\r\nKenneth Goldsmith is the author of this book. But &ldquo;Seven American Deaths and Disasters&rdquo; was written by the voices of newsreaders who had to break the some of America&rsquo;s most catastrophic events to the world. A compelling read.<br />\r\n<br />\r\n&ldquo;Goldsmith has also delivered a kind of found treasure of the American vernacular. His book is about the sounds our culture makes when the reassuring smooth jazz of much of our broadcast media breaks down, when disc jockeys and news anchors are forced to find words for events that are nearly impossible to describe. This book is about language under duress&rdquo; New York Times 2013</div>\r\n\r\n<div style="clear:both;height:1px;">&nbsp;</div>\r\n</div>\r\n\r\n<p>&nbsp;</p>\r\n', 'en_us'),
(34, 17, 'OUR SUMMER READS2', 'Reading is a time-honored pleasure, and in the heat of our hectic and all-consuming schedules, moments spent alone with a book are like gold and dust. In light of that fact, we have saved you some valuable time with our recommended reading list for the summer. Happy perusing and enjoy these rare moments.\r\n', '<p>Reading is a time-honored pleasure, and in the heat of our hectic and all-consuming schedules, moments spent alone with a book are like gold and dust. In light of that fact, we have saved you some valuable time with our recommended reading list for the summer. Happy perusing and enjoy these rare moments.</p>\r\n\r\n<div style="margin:10px 0 10px 0;"><img alt="" src="/pic/cv/uploads/20130730/1375180110.png" style="float:left; height:230px; width:200px" />\r\n<div style="margin:10px 0 0 10px;max-width:470px;float:left;"><strong>A SONG OF ICE AND FIRE</strong>, George R.R.Martin, 1996 - 2013<br />\r\n<br />\r\nYou may be more familiar with its TV show format &lsquo;Game of thrones&rsquo; which took its title from the first book of this epic fantasy, but the books offer a far more insightful and brilliant immersion into R.R. Martin&rsquo;s pseudo-medieval fantasy phenomenon. Worth making the time for.<br />\r\n<br />\r\n&ldquo;the great fantasy epic of our era.&rdquo; TIME Magazine 2011</div>\r\n\r\n<div style="clear:both;height:1px;">&nbsp;</div>\r\n</div>\r\n\r\n<div style="margin:10px 0 10px 0;"><img alt="" src="/pic/cv/uploads/20130730/1375180135.png" style="float:left; height:282px; width:200px" />\r\n<div style="margin:20px 0 0 10px;max-width:470px;float:left;"><strong>I LOVE NEW YORK</strong>, Daniel Humm and Will Guidara, April 2013<br />\r\n<br />\r\nThis is an exploration of so much more than cooking. A cookbook that aims to showcase New York&rsquo;s great heritage and unique cuisine like you have never known it.<br />\r\n<br />\r\n&ldquo;In I Love New York, Humm and Guidara present an in-depth look at the region&rsquo;s centuries-old farming traditions along with nearly 150 recipes that highlight its outstanding ingredients. Lushly illustrated with photographs of the area&rsquo;s dramatic landscapes and the farmers who tend the land, this unique ode introduces the concept of New York regional cuisine as it celebrates the bounty of this exceptional state.&rdquo; Random House 2013</div>\r\n\r\n<div style="clear:both;height:1px;">&nbsp;</div>\r\n</div>\r\n\r\n<div style="margin:10px 0 10px 0;"><img alt="" src="/pic/cv/uploads/20130730/1375180123.png" style="float:left; height:282px; width:200px" />\r\n<div style="margin:8px 0 0 10px;max-width:470px;float:left;"><strong>THE NEW DIGITAL AGE</strong>, Eric Schmidt and Jared Cohen, 2013<br />\r\n<br />\r\nConsidering that the current debate about online privacy and security has become part of our daily dialogue, Google&rsquo;s Executive Chairman, Eric Schimdt and co-writer Jared Cohen&rsquo;s &ldquo;The New Digital Age&rdquo; is an essential read of the moment.<br />\r\n<br />\r\n&ldquo;a sober examination of what current technological trends mean for our future. That includes the ability of repressive governments to turn every smartphone into a bugging device; the breakdown of privacy; the danger of countries setting up their own, censored versions of the internet; the threat of hackers, terrorists and cyber-warfare; and, at root, the fact that people and governments will have to function in both the real and virtual worlds, which will not just overlap but collide.&rdquo; The Telegraph 2013</div>\r\n\r\n<div style="clear:both;height:1px;">&nbsp;</div>\r\n</div>\r\n\r\n<div style="margin:10px 0 10px 0;"><img alt="" src="/pic/cv/uploads/20130730/1375180094.png" style="float:left; height:282px; width:200px" />\r\n<div style="margin:18px 0 0 10px;max-width:470px;float:left;"><strong>THE OLD MAN AND THE SEA</strong>, Ernest Hemingway, 1952<br />\r\n<br />\r\nHemingway&rsquo;s last prominent work to be published, about an unfortunate old fisherman in Cuba, prompted the entire re-evaluation of Hemingway&rsquo;s work and brought him great critical acclaim. It was awarded the Pullitzer Prize for Fiction 1953 and The Nobel Prize in Literature in 1954.<br />\r\n<br />\r\n&ldquo;The Nobel Prize in Literature 1954 was awarded to Ernest Hemingway &quot;for his mastery of the art of narrative, most recently demonstrated in The Old Man and the Sea, and for the influence that he has exerted on contemporary style&rdquo; The Nobel Foundation</div>\r\n\r\n<div style="clear:both;height:1px;">&nbsp;</div>\r\n</div>\r\n\r\n<div style="margin:10px 0 10px 0;"><img alt="" src="/pic/cv/uploads/20130730/1375180081.png" style="float:left; height:282px; width:200px" />\r\n<div style="margin:20px 0 0 10px;max-width:470px;float:left;"><strong>SEVEN AMERICAN DEATHS AND DISASTERS</strong>, Kenneth Goldsmith, June 2013<br />\r\n<br />\r\nKenneth Goldsmith&rsquo;s is indeed the author of this book. But &ldquo;Seven American Deaths and Disasters&rdquo; was written by the voices who had to break the some of America&rsquo;s most catastrophic events to the world.<br />\r\n<br />\r\n&ldquo;Goldsmith has also delivered a kind of found treasure of the American vernacular. His book is about the sounds our culture makes when the reassuring smooth jazz of much of our broadcast media breaks down, when disc jockeys and news anchors are forced to find words for events that are nearly impossible to describe. This book is about language under duress&rdquo; New York Times</div>\r\n\r\n<div style="clear:both;height:1px;">&nbsp;</div>\r\n</div>\r\n\r\n<p>&nbsp;</p>\r\n', 'zh_cn'),
(35, 17, 'OUR SUMMER READS', 'Reading is a time-honored pleasure, and in the heat of our hectic and all-consuming schedules, moments spent alone with a book are like gold and dust. In light of that fact, we have saved you some valuable time with our recommended reading list for the summer. Happy perusing and enjoy these rare moments.\r\n', '<p>Reading is a time-honored pleasure, and in the heat of our hectic and all-consuming schedules, moments spent alone with a book are like gold and dust. In light of that fact, we have saved you some valuable time with our recommended reading list for the summer. Happy perusing and enjoy these rare moments.</p>\r\n\r\n<div style="margin:10px 0 10px 0;"><img alt="" src="/pic/cv/uploads/20130730/1375180110.png" style="float:left; height:230px; width:200px" />\r\n<div style="margin:10px 0 0 10px;max-width:470px;float:left;"><strong>A SONG OF ICE AND FIRE</strong>, George R.R.Martin, 1996 - 2013<br />\r\n<br />\r\nYou may be more familiar with its TV show format &lsquo;Game of thrones&rsquo; which took its title from the first book of this epic fantasy, but the books offer a far more insightful and brilliant immersion into R.R. Martin&rsquo;s pseudo-medieval fantasy phenomenon. Worth making the time for.<br />\r\n<br />\r\n&ldquo;the great fantasy epic of our era.&rdquo; TIME Magazine 2011</div>\r\n\r\n<div style="clear:both;height:1px;">&nbsp;</div>\r\n</div>\r\n\r\n<div style="margin:10px 0 10px 0;"><img alt="" src="/pic/cv/uploads/20130730/1375180135.png" style="float:left; height:282px; width:200px" />\r\n<div style="margin:20px 0 0 10px;max-width:470px;float:left;"><strong>I LOVE NEW YORK</strong>, Daniel Humm and Will Guidara, April 2013<br />\r\n<br />\r\nThis is an exploration of so much more than cooking. A cookbook that aims to showcase New York&rsquo;s great heritage and unique cuisine like you have never known it.<br />\r\n<br />\r\n&ldquo;In I Love New York, Humm and Guidara present an in-depth look at the region&rsquo;s centuries-old farming traditions along with nearly 150 recipes that highlight its outstanding ingredients. Lushly illustrated with photographs of the area&rsquo;s dramatic landscapes and the farmers who tend the land, this unique ode introduces the concept of New York regional cuisine as it celebrates the bounty of this exceptional state.&rdquo; Random House 2013</div>\r\n\r\n<div style="clear:both;height:1px;">&nbsp;</div>\r\n</div>\r\n\r\n<div style="margin:10px 0 10px 0;"><img alt="" src="/pic/cv/uploads/20130730/1375180123.png" style="float:left; height:282px; width:200px" />\r\n<div style="margin:8px 0 0 10px;max-width:470px;float:left;"><strong>THE NEW DIGITAL AGE</strong>, Eric Schmidt and Jared Cohen, 2013<br />\r\n<br />\r\nConsidering that the current debate about online privacy and security has become part of our daily dialogue, Google&rsquo;s Executive Chairman, Eric Schimdt and co-writer Jared Cohen&rsquo;s &ldquo;The New Digital Age&rdquo; is an essential read of the moment.<br />\r\n<br />\r\n&ldquo;a sober examination of what current technological trends mean for our future. That includes the ability of repressive governments to turn every smartphone into a bugging device; the breakdown of privacy; the danger of countries setting up their own, censored versions of the internet; the threat of hackers, terrorists and cyber-warfare; and, at root, the fact that people and governments will have to function in both the real and virtual worlds, which will not just overlap but collide.&rdquo; The Telegraph 2013</div>\r\n\r\n<div style="clear:both;height:1px;">&nbsp;</div>\r\n</div>\r\n\r\n<div style="margin:10px 0 10px 0;"><img alt="" src="/pic/cv/uploads/20130730/1375180094.png" style="float:left; height:282px; width:200px" />\r\n<div style="margin:18px 0 0 10px;max-width:470px;float:left;"><strong>THE OLD MAN AND THE SEA</strong>, Ernest Hemingway, 1952<br />\r\n<br />\r\nHemingway&rsquo;s last prominent work to be published, about an unfortunate old fisherman in Cuba, prompted the entire re-evaluation of Hemingway&rsquo;s work and brought him great critical acclaim. It was awarded the Pullitzer Prize for Fiction 1953 and The Nobel Prize in Literature in 1954.<br />\r\n<br />\r\n&ldquo;The Nobel Prize in Literature 1954 was awarded to Ernest Hemingway &quot;for his mastery of the art of narrative, most recently demonstrated in The Old Man and the Sea, and for the influence that he has exerted on contemporary style&rdquo; The Nobel Foundation</div>\r\n\r\n<div style="clear:both;height:1px;">&nbsp;</div>\r\n</div>\r\n\r\n<div style="margin:10px 0 10px 0;"><img alt="" src="/pic/cv/uploads/20130730/1375180081.png" style="float:left; height:282px; width:200px" />\r\n<div style="margin:20px 0 0 10px;max-width:470px;float:left;"><strong>SEVEN AMERICAN DEATHS AND DISASTERS</strong>, Kenneth Goldsmith, June 2013<br />\r\n<br />\r\nKenneth Goldsmith&rsquo;s is indeed the author of this book. But &ldquo;Seven American Deaths and Disasters&rdquo; was written by the voices who had to break the some of America&rsquo;s most catastrophic events to the world.<br />\r\n<br />\r\n&ldquo;Goldsmith has also delivered a kind of found treasure of the American vernacular. His book is about the sounds our culture makes when the reassuring smooth jazz of much of our broadcast media breaks down, when disc jockeys and news anchors are forced to find words for events that are nearly impossible to describe. This book is about language under duress&rdquo; New York Times</div>\r\n\r\n<div style="clear:both;height:1px;">&nbsp;</div>\r\n</div>\r\n\r\n<p>&nbsp;</p>\r\n', 'zh_tw');
INSERT INTO `al_article_i8n` (`art_i8n_id`, `art_id`, `art_name`, `art_overview`, `art_detail`, `i8n`) VALUES
(36, 18, '2 Easy Ways to Buy Our Wines.', '', '0":;"Taobao":;"Visit our Taobao store to place your order.":;"Payment options: Alipay":;"Visit our Taobao store >>":;"http://shop113503285.taobao.com/?spm=0.0.0.0.tAYGpv":;"0":;"Order Form":;"Fill out an order form from your computer or devices. We will deliver to your within 2 to 3 business days. ":;"":;"Order Form >>":;"http://www.mikecrm.com/f.php?t=zQZodE":;"1":;"Call: +86 21 6256 3752":;"Simply call us during our business hours (Monday - Friday, 10 AM - 7 PM).\r\n\r\nWe will be happy to help you with your order and delivery arrangement.":;"Payment option: Cash On Delivery (COD)":;"":;"":;"1":;"Pick up":;"Come check out Fillmore Tasting Room during our business hours (Monday - Friday, 10 AM - 7 PM) to purchase our wines.\r\nIf you''re interested in purchasing more than two cases,\r\nIf you''re interested in purchasing more than two cases,\r\nplease call us at +86 21 6256 3752 ahead of time.":;"Payment options: UnionPay / Cash Visit us at: Suite 204, Building 4, 990 Changping Road, Shanghai":;"Get Directions >>":;"http://map.baidu.com/?newmap=1&ie=utf-8&s=s%26wd%3D中国上海市昌平路990号4号楼', 'en_us'),
(37, 18, '4 Easy Ways to Buy Our Wines.', '', '0":;"":;"":;"":;"":;"":;"":;"":;"":;"":;"":;"":;"1":;"":;"":;"":;"":;"":;"1":;"":;"":;"":;"":;"', 'zh_cn'),
(38, 18, '4 Easy Ways to Buy Our Wines.', '', '0":;"":;"":;"":;"":;"":;"":;"":;"":;"":;"":;"":;"1":;"":;"":;"":;"":;"":;"1":;"":;"":;"":;"":;"', 'zh_tw');

-- --------------------------------------------------------

--
-- 表的结构 `al_category`
--

CREATE TABLE IF NOT EXISTS `al_category` (
  `cat_id` int(11) NOT NULL COMMENT '分类主id',
  `parent_id` int(11) NOT NULL COMMENT '父id',
  `type` varchar(255) NOT NULL COMMENT '类别',
  `is_show` int(11) NOT NULL COMMENT '是否显示',
  `order_by` int(11) NOT NULL COMMENT '排序',
  `add_by` int(11) NOT NULL COMMENT '添加人',
  `add_time` datetime NOT NULL COMMENT '添加时间',
  `edit_by` int(11) NOT NULL COMMENT '修改人',
  `edit_time` timestamp NOT NULL DEFAULT CURRENT_TIMESTAMP ON UPDATE CURRENT_TIMESTAMP COMMENT '修改时间'
) ENGINE=InnoDB AUTO_INCREMENT=16 DEFAULT CHARSET=utf8 COMMENT='re分类表';

--
-- 转存表中的数据 `al_category`
--

INSERT INTO `al_category` (`cat_id`, `parent_id`, `type`, `is_show`, `order_by`, `add_by`, `add_time`, `edit_by`, `edit_time`) VALUES
(9, 0, 'G', 1, 30, 1, '2012-12-17 05:07:28', 1, '2013-08-13 07:36:15'),
(10, 0, 'G', 1, 40, 1, '2012-12-17 05:07:53', 1, '2013-08-13 07:36:15'),
(11, 0, 'G', 0, 50, 1, '2012-12-17 05:08:17', 1, '2013-08-13 07:36:15'),
(15, 0, 'C', 1, 50, 1, '2014-01-06 00:00:00', 1, '2014-01-05 07:19:00');

-- --------------------------------------------------------

--
-- 表的结构 `al_category_i8n`
--

CREATE TABLE IF NOT EXISTS `al_category_i8n` (
  `cat_i8n_id` int(11) NOT NULL COMMENT '分类多语言id',
  `cat_id` int(11) NOT NULL COMMENT '分类主id',
  `cat_name` varchar(255) NOT NULL COMMENT '分类名',
  `cat_overview` text NOT NULL COMMENT '分类简略描述',
  `cat_detail` text NOT NULL,
  `i8n` varchar(255) NOT NULL COMMENT '多语言变量'
) ENGINE=InnoDB AUTO_INCREMENT=41 DEFAULT CHARSET=utf8;

--
-- 转存表中的数据 `al_category_i8n`
--

INSERT INTO `al_category_i8n` (`cat_i8n_id`, `cat_id`, `cat_name`, `cat_overview`, `cat_detail`, `i8n`) VALUES
(20, 9, 'red', 'red', '<h2 class="leftTitle">Red Wines</h2>\r\n<div class="leftDescribe">&nbsp;</div>', 'en_us'),
(21, 9, '红葡萄酒', '红酒', '<h2 class="leftTitle">红葡萄酒</h2>\r\n<div class="leftDescribe">&nbsp;</div>', 'zh_cn'),
(22, 9, '紅葡萄酒', '红酒', '<h2 class="leftTitle">紅葡萄酒</h2>\r\n<div class="leftDescribe">&nbsp;</div>', 'zh_tw'),
(23, 10, 'white', 'white', '<h2 class="leftTitle">White Wines</h2>\r\n<div class="leftDescribe">&nbsp;</div>', 'en_us'),
(24, 10, '白葡萄酒', '白酒', '<h2 class="leftTitle">白葡萄酒</h2>\r\n<div class="leftDescribe">&nbsp;</div>', 'zh_cn'),
(25, 10, '白葡萄酒', '白酒', '<h2 class="leftTitle">白葡萄酒</h2>\r\n<div class="leftDescribe">&nbsp;</div>\r\n<p>&nbsp;</p>', 'zh_tw'),
(26, 11, 'bubble', 'pop adsfkja;ldskjflads adsj aljdflajsdlf ajldkfja fjdla sd', '', 'en_us'),
(27, 11, '气泡酒', '气泡酒', '', 'zh_cn'),
(28, 11, '气泡酒', '气泡酒', '', 'zh_tw'),
(29, 12, 'share', '', '<div style="font-size:40px;line-height:28px">Books</div>\r\n\r\n<div style="font-size:20px;line-height:28px;padding:10px 0 18px 0;">Inspiring our thoughts</div>\r\n\r\n<div style="font-size:40px;line-height:28px">Design</div>\r\n\r\n<div style="font-size:20px;line-height:28px;padding:10px 0 18px 0;">Innovations we like</div>\r\n', 'en_us'),
(30, 12, 'share', '', '<p>123</p>\r\n', 'zh_cn'),
(31, 12, 'share', '', '<p>123</p>\r\n', 'zh_tw'),
(32, 13, 'about', 'about fillmore', '', 'en_us'),
(33, 13, '关于我们', 'about fillmore', '', 'zh_cn'),
(34, 13, '關於我們', 'about fillmore', '', 'zh_tw'),
(35, 14, '', '', 'From California to Shanghai, \r\nFillmore brings New World wines and a unique \r\nappreciation for life’s simple pleasures.\r\n', 'en_us'),
(36, 14, '', '', '从加州到上海，\r\nFillmore 为您带来新世界葡萄酒的独特体验，\r\n令生活充满轻松乐趣', 'zh_cn'),
(37, 14, '', '', '从加利福尼亚到上海，Fillmore 带来了大洋彼岸的葡萄酒，也带来了享受生活的独特乐趣。', 'zh_tw'),
(38, 15, 'First Blood', 'This is a new CMS by space.', 'detail', 'en_us'),
(39, 15, 'wine', '', '', 'zh_cn'),
(40, 15, 'wine123', '', '&lt;p&gt;123&lt;/p&gt;\r\n', 'zh_tw');

-- --------------------------------------------------------

--
-- 表的结构 `al_config`
--

CREATE TABLE IF NOT EXISTS `al_config` (
  `con_id` int(11) NOT NULL COMMENT 'config_id',
  `con_name` varchar(255) NOT NULL COMMENT '参数名称',
  `con_value` varchar(255) NOT NULL COMMENT '参数内容',
  `type` varchar(255) NOT NULL COMMENT '参数类型',
  `info` varchar(255) NOT NULL COMMENT '说明文字',
  `order_by` int(11) NOT NULL COMMENT '排序'
) ENGINE=InnoDB AUTO_INCREMENT=14 DEFAULT CHARSET=utf8 COMMENT='系统参数表用于单独的设置视情况使用多语言功能';

--
-- 转存表中的数据 `al_config`
--

INSERT INTO `al_config` (`con_id`, `con_name`, `con_value`, `type`, `info`, `order_by`) VALUES
(1, 'company_name', 'wizdata', '2', '网站名称', 1),
(2, 'company_email', 'songht1109@hotmail.com', '2', '网站email', 2),
(3, 'shipping_fee', '0', '2', '运费Free免运费，', 50),
(4, 'out_put_email', 'huxiaoleiwangzi@qq.com', '1', '发送邮箱', 20),
(5, 'out_put_password', 'agqtecpnjgvgbaii', '1', '发送邮箱密码', 21),
(6, 'url_rewrite', 'true', '2', '是否重写路径true 重写 false不重写', 50),
(7, 'home_background', 'img', '2', '首页背景图片', 50),
(8, 'home_flash', 'img', '2', '首页轮播图片', 50),
(9, 'lang_arr', 'en_us:ENGLISH;zh_cn:中文版;zh_tw:繁体', '2', '多语言数组：参数：名称', 100),
(10, 'pomo_arr', '0-0-0:0;1-1-1:10;1-2-0:20;1-3-0:30;2-1-0:500-50;2-2-0:1000-100;2-3-0:1500-150', '2', '促销数组：0促销方案－1百分比促销，2定额促销－1是否选中:10幅度', 50),
(11, 'lang_chose', 'en_us', '2', '当前语言', 50),
(12, 'out_put_server', 'smtp.qq.com', '1', '发送邮件的smtp服务器', 22),
(13, 'out_put_ssl', '465', '1', '发送邮件的smtp服务器的端口号', 23);

-- --------------------------------------------------------

--
-- 表的结构 `al_config_i8n`
--

CREATE TABLE IF NOT EXISTS `al_config_i8n` (
  `con_i8n_id` int(11) NOT NULL COMMENT '参数表多语言id',
  `con_id` int(11) NOT NULL COMMENT ' 参数表主id',
  `con_value` varchar(255) NOT NULL COMMENT '参数内容',
  `i8n` varchar(255) NOT NULL COMMENT '语言种类'
) ENGINE=InnoDB DEFAULT CHARSET=utf8 COMMENT='系统参数表多语言功能';

-- --------------------------------------------------------

--
-- 表的结构 `al_goods`
--

CREATE TABLE IF NOT EXISTS `al_goods` (
  `goods_id` int(11) NOT NULL COMMENT '商品id',
  `goods_sn` varchar(255) NOT NULL COMMENT '货号',
  `cat_id` int(11) NOT NULL COMMENT '分类id',
  `brand_id` int(11) NOT NULL COMMENT '品牌id',
  `color` varchar(255) NOT NULL COMMENT '颜色 色值',
  `price` varchar(255) NOT NULL COMMENT '价格',
  `top` varchar(255) NOT NULL COMMENT '是否置顶：0不置顶；1置顶；',
  `inventory` varchar(255) NOT NULL DEFAULT '0',
  `out_sale_link` varchar(255) NOT NULL COMMENT '淘宝link',
  `t_inventory` varchar(255) DEFAULT '0' COMMENT '酒吧库存',
  `b_inventory` varchar(255) NOT NULL DEFAULT '0',
  `s_inventory` varchar(255) NOT NULL DEFAULT '0' COMMENT '预售库存',
  `is_sale` int(1) NOT NULL DEFAULT '0',
  `is_sale_i` int(1) NOT NULL,
  `sale_width` varchar(255) NOT NULL,
  `sale_start` datetime NOT NULL COMMENT '促销开始时间',
  `sale_end` datetime NOT NULL COMMENT '促销结束时间',
  `type` varchar(255) NOT NULL COMMENT '类型',
  `is_show` int(11) NOT NULL COMMENT '是否显示',
  `order_by` int(11) NOT NULL COMMENT '排序',
  `click_count` int(11) NOT NULL COMMENT '点击数',
  `add_by` int(11) NOT NULL COMMENT '添加人',
  `add_time` datetime NOT NULL COMMENT '添加时间',
  `edit_by` int(11) NOT NULL COMMENT '最后更新人',
  `edit_time` timestamp NOT NULL DEFAULT CURRENT_TIMESTAMP ON UPDATE CURRENT_TIMESTAMP COMMENT '最后更新时间'
) ENGINE=InnoDB AUTO_INCREMENT=15 DEFAULT CHARSET=utf8 COMMENT='商品主表';

--
-- 转存表中的数据 `al_goods`
--

INSERT INTO `al_goods` (`goods_id`, `goods_sn`, `cat_id`, `brand_id`, `color`, `price`, `top`, `inventory`, `out_sale_link`, `t_inventory`, `b_inventory`, `s_inventory`, `is_sale`, `is_sale_i`, `sale_width`, `sale_start`, `sale_end`, `type`, `is_show`, `order_by`, `click_count`, `add_by`, `add_time`, `edit_by`, `edit_time`) VALUES
(9, '', 9, 0, '88124c', '425', '0', '0', 'http://item.taobao.com/item.htm?id=41365741003', '-8', '8', '0', 0, 0, '200', '2014-01-08 17:26:02', '2014-01-08 17:26:02', '', 1, 50, 0, 1, '2012-08-28 08:55:12', 2, '2015-05-04 17:12:33'),
(11, '', 9, 0, 'f7953e', '220', '0', '3', '', '2', '1', '0', 0, 0, '0', '2014-01-08 17:26:02', '2014-01-08 17:26:02', '', 1, 50, 0, 1, '2012-12-17 03:23:21', 2, '2015-05-04 16:58:54'),
(12, '', 9, 0, '8b718a', '315', '0', '6', '', '4', '2', '0', 0, 0, '200', '2014-01-08 17:26:02', '2014-01-08 17:26:02', '', 1, 50, 0, 1, '2012-12-17 03:36:17', 2, '2015-05-04 16:59:07'),
(13, '', 10, 0, '6a8a22', '300', '0', '413', '', '106', '307', '0', 0, 0, '', '0000-00-00 00:00:00', '0000-00-00 00:00:00', '', 1, 50, 0, 1, '2013-01-16 06:09:54', 2, '2015-05-04 17:02:40'),
(14, '0001', 10, 0, '4b6a8f', '220', '0', '230', '', '1', '229', '0', 0, 0, '180', '0000-00-00 00:00:00', '0000-00-00 00:00:00', '', 1, 50, 0, 1, '2013-07-30 02:57:09', 2, '2015-05-04 16:48:23');

-- --------------------------------------------------------

--
-- 表的结构 `al_goods_i8n`
--

CREATE TABLE IF NOT EXISTS `al_goods_i8n` (
  `goods_i8n_id` int(11) NOT NULL COMMENT '商品多语言表id',
  `goods_id` int(11) NOT NULL COMMENT '商品主表id',
  `goods_name` varchar(255) NOT NULL COMMENT '商品名称',
  `goods_overview` text NOT NULL COMMENT '商品简略描述',
  `goods_detail` text NOT NULL COMMENT '详细描述',
  `series` varchar(255) NOT NULL COMMENT '系列SERIES',
  `structure` text NOT NULL COMMENT '产品结构PRODUCT STRUCTURE',
  `i8n` varchar(255) NOT NULL COMMENT '语言参数'
) ENGINE=InnoDB AUTO_INCREMENT=37 DEFAULT CHARSET=utf8 COMMENT='商品多语言表';

--
-- 转存表中的数据 `al_goods_i8n`
--

INSERT INTO `al_goods_i8n` (`goods_i8n_id`, `goods_id`, `goods_name`, `goods_overview`, `goods_detail`, `series`, `structure`, `i8n`) VALUES
(19, 9, 'Petite Sirah', '2009 Napa Valley', 'A grape that was used as part of a blend has transformed into something that will hold its own and we are proud to offer it to you. With its full-flavored fig, black cherry, and blackberry aromas inviting you to indulge. This wine gives a full mouthfeel and a long pleasant finish with well-developed, rounded tannins.\r\n":;"SLOW-COOKED DISHES":;"Braised beef short rips, pulled pork":;"ROASTED MEATS":;"Porterhouse steak or a juicy burger":;"PASTA DISHES":;"Pasta puttanesca with lots of bold olive, caper and tomato flavors":;"RICH AND SAVORY DISHES":;"Indian curry, Thai curry, Sichuan spicy dishes, Chinese braised dishes', '', '', 'en_us'),
(20, 9, '小西拉', '2009 纳帕谷产区', '此葡萄品种曾用于混酿型葡萄酒之中，如今我们将它发展成独具特色的单一型佳酿。这款葡萄酒带有浓郁的无花果、黑樱桃与黑莓香味。口感饱满有力，后味悠长，单宁成熟而圆润。":;"慢炖菜肴":;"红焖牛短排，慢炖猪肉":;"烤肉类":;"上等腰肉牛排，多汁汉堡":;"意式菜肴":;"橄榄、续随子、番茄调味的意面":;"口味浓郁菜肴":;"印度咖喱、泰式咖喱、川味菜肴、中式红烧菜肴', '', '', 'zh_cn'),
(21, 9, 'Petite Sirah', '2009 Napa Valley', '<p>曾作為混合酒配方之一的一種優質葡萄，如今受妙手點化，自成一格，我們在此為您精心奉上。<br />\r\n<br />\r\n芬芳馥郁的無花果、黑櫻桃與黑莓之香味交融，令人陶醉。這款葡萄酒的口感醇厚，成熟圓滑的單寧令其擁有美妙而悠長的余味。<br />\r\n<br />\r\n<strong>此酒適合在以下情況享用：</strong><br />\r\n與牛排搭配——理所當然之選。<br />\r\n下棋深思之時。<br />\r\n品嘗來自本地維吾爾餐廳的羊排之時。</p>\r\n', '', '', 'zh_tw'),
(25, 11, 'Fusion Red Wine', '2011 CALIFORNIA', 'If there’s a wine for every table, every palette and every occasion, then this California red wine is it. Fruit-forward flavors of black cherry, blackberries and cherry cola with hint of peppery spice, its soft tannins, this Fusion Red makes for simple and uncomplicated easy drinking.":;"GRILLED FOODS":;"Steaks, particularly rib eye and sausages":;"TOMATO-BASED DISHES":;"Chicken cacciatore or spaghetti bolognese":;"SLOW-COOKED DISHES":;"Beef stew or coq au vin', '', '', 'en_us'),
(26, 11, '加州红酒', '2011', '此红酒可迎合不同口味、美馔与场合而卓群。\r\n突出的果味，带来黑樱桃、黑莓和樱桃可乐的美味，其中又隐有丝丝黑胡椒气息，单宁柔和，极为亲和易饮。":;"烧烤菜肴":;"牛排，尤其是牛眼排，烤肠":;"意式菜肴":;"意式砂锅焖鸡或肉酱意面":;"慢炖菜肴":;"炖牛肉、红酒炖鸡', '', '', 'zh_cn'),
(27, 11, 'Fusion Red Wine', '2010 CALIFORNIA', '<p>如果說有一種酒適合任何宴席，任何口味，任何場合，那麼它必定是這款2010 Fusion Red Wine 無疑。<br />\r\n<br />\r\n這款混合紅葡萄酒融入了黑櫻桃、黑莓以及櫻桃可樂的濃郁果味，其間略帶一絲辛辣，單寧柔和，令人於品飲中盡享簡單與純粹。<br />\r\n<br />\r\n<strong>此酒適合在以下情況享用：</strong><br />\r\n溫暖的夏日傍晚，烹制意大利小吃時。<br />\r\n公園野餐時。<br />\r\n在輕鬆的晚宴以及周日午餐上，這是必不可少、人見人愛的佳品。</p>', '', '', 'zh_tw'),
(28, 12, 'Zinfandel', '2009 Dry Creak Valley', 'As California is the premier grower for Zinfandel, our selection wouldn’t be complete without it.\r\nGrown in the warm coastal Dry Creek Valley, it is fruity and spicy with a balanced palate, and flavors of juicy blackberries, vanilla and coffee with a subtle hint of mint. An excellent mouthfeel and splendid acidity.":;"GRILLED FOODS":;"Spicy sausages, marinated portobello mushrooms, barbecued chicken, rib-eye":;"TOMATO-BASED DISHES":;"Cioppino, chicken cacciatore, pasta bolognese, pizza":;"SLOW-COOKED DISHES":;"Spicy short ribs, pulled pork, pot roast\r\n":;"ROASTED MEATS":;"Beef tenderloin, garlicky lamb chops, herbed pork loin', '', '', 'en_us'),
(29, 12, '仙粉黛', '2009 涸溪谷产区', '产于沿海的涸溪谷产区，果香与香料气息丰富，结构平衡，充满多汁蓝莓、香草与咖啡豆的香气，还带淡淡的薄荷清香。\r\n酸度均衡，口感华丽。":;"烧烤菜肴":;"辣味烤肠、腌波托贝洛蘑菇、烤鸡、牛眼排":;"意式菜肴":;"意式海鲜汤、意式砂锅焖鸡、肉酱意面、披萨":;"慢炖菜肴":;"香辣短牛排、慢炖猪肉、美式炖牛肉":;"烤肉类":;"牛腰肉、蒜香羊排、香料腌猪里脊', '', '', 'zh_cn'),
(30, 12, 'Zinfandel', '2009 Dry Creak Valley', '<p>加州既是Zinfandel（馨芳葡萄酒）的主要產地，那麼我們的精選酒單中必然也少不了它。<br />\r\n<br />\r\n氣候溫暖、毗鄰海岸的干溪谷是這款美酒的孕育之地，它的口感均勻混合了果味與辛香，將汁水飽滿的黑莓、香草和咖啡多味融合，並帶有一絲細膩的薄荷口味。<br />\r\n<br />\r\n<strong>此酒適合在以下情況享用：</strong><br />\r\n生日聚會上，作為烤雞肉串、牛肉串與大蝦串的佐餐酒。<br />\r\n在寧靜的周五夜晚，閱讀最新一期的《紐約客》時。 <br />\r\n叫好比薩外賣，房間裡響起爵士樂時。</p>', '', '', 'zh_tw'),
(31, 13, 'Chardonnay', '2011 Russian River Valley', 'True to its cool-climate origins, it leads with beautiful stone-fruit flavors that manage to be rich and refreshing at the same time. A complex bouquet of ripe nectarine, green apple, fresh pineapple, apricot and smoky vanilla opens up to sweet white peach and zesty mandarin orange framed by creamy café au lait, a bit of nutmeg and well integrated, caramelized oak. The lush, lingering flavors are balanced by brilliant, crystalline acidity.":;"SEAFOOD":;"Sautéed halibut with beurre blanc, grilled or smoked salmon, garlic shrimp":;"POULTRY AND MEATS":;"Braised chicken thighs, roasted pork loin with herb butter, smoked turkey":;"PASTA DISHES":;"Carbonara, pasta al pesto, cream and lemon-based pastas":;"VEGETABLES":;"Caprese salad, creamy quiche, corn dishes, salad Niçoise', '', '', 'en_us'),
(32, 13, '莎当妮', '2011 俄罗斯河谷', '忠实于此品种的寒凉气候特性，这款酒曼妙的核果香味非常浓郁，同时又十分清新。馥郁的油桃、青苹果、新鲜菠萝、杏果及烘烤香草气息过后，甜美的白桃果味与新鲜蜜橘的香味被奶香浓郁的欧蕾咖啡气息所围裹，还有少量的肉豆蔻香气，和谐地融合了带焦糖味的橡木桶气息。如许丰满而悠长的芳香，与此酒明亮清澈的酸度，构成了均衡的口感。\r\n":;"海鲜类":;"干煎比目鱼配牛油汁、烧烤或烟熏三文鱼、蒜香明虾":;"肉类":;"焖炖鸡大腿、香料牛油烤猪里脊、烟熏火鸡":;"意式菜肴":;"奶油培根意面、罗勒松子意面、奶油及柠檬调味的意面":;"蔬菜类":;"番茄芝士沙拉、乳蛋饼、玉米菜肴、尼斯沙拉', '', '', 'zh_cn'),
(33, 13, 'Chardonnay', '2010 Sonoma County', '<p>這款Chardonnay（夏敦埃酒）體現了加州釀酒工藝的獨特風格，盡得葡萄之精華。<br />\r\n<br />\r\n作為法式風格的葡萄酒，它結合了焦糖與紅糖的口感雅致並豐富，擁有金銀花和新鮮蘋果的混合芳香，回味中夾雜適度的酸味與些許細膩的橡木味。<br />\r\n<br />\r\n<strong>此酒適合在以下情況享用：</strong><br />\r\n從當地水產市場上購得鮮活魚蝦，與中國本土的綠色時蔬搭配蒸制——每周廚房裡的例行料理進行時。<br />\r\n在備置周到或是一時興起的歡飲派對上。<br />\r\n嘗試在家制作壽司時。<br />\r\n周六晚上，觀看經典的007電影時。</p>\r\n', '', '', 'zh_tw'),
(34, 14, 'Riesling', '2012 California', 'Graceful and delicate, with aromas of honeyed pear, ripe melon, green apple and honeysuckle. The soft, seamless transition to the palate reveals light, sweet flavors of white peach, apricot and tangy-sweet mango perfumed with white flowers and hint of jasmine. The sweetness is beautifully balanced by citrusy freshness.":;"SEAFOOD & PORK":;"Spicy crabcakes, sautéed lemon shrimp, pork tenderloin with apricot glaze":;"POULTRY":;"Orange chicken,  pineapple-glazed duck breast":;"SPICY FOODS":;"Thai, Indian, Vietnamese, and other Southwest Asian Cuisine', '', '', 'en_us'),
(35, 14, '雷司令', '2012 加州', '风格优雅而细腻。入口後蜜渍雪梨、熟甜瓜、青苹果和金银花的芳香，在味蕾上柔和地转化为轻盈而甜美的白桃、杏果及清甜芒果的香味，其间萦绕有白花、茉莉的清香。酒的甜味得到柑橘类清新感的完美平衡。":;"海鲜及肉类":;"辣味蟹糕、干煎柠檬虾、杏肉配猪里脊":;"禽类":;"陈皮鸡、焦糖菠萝鸭胸":;"辣味菜肴":;"泰国菜、印度菜、越南菜、东南亚菜式', '', '', 'zh_cn'),
(36, 14, 'Riesling', '', '<p>產地涼爽的氣候，使其入口時帶有美妙的核果口味，並且在醇厚中又透著清新。層次豐富的酒香先是夾雜了成熟油桃、綠蘋果、新鮮菠蘿、杏和煙熏香草等多種香味，之后讓渡於水蜜桃和橘子的芬芳，並伴有奶油歐蕾咖啡、肉豆蔻以及焦糖化橡木的氣息。豐富綿長的口感均勻融合了明朗透徹的酸味。<br />\r\n<br />\r\n<strong>此酒適合在以下情況享用：</strong><br />\r\n在上海與友人饕餮大閘蟹時。<br />\r\n炎炎夏日，於工作中忙裡得閑，在陽台上坐下淺飲。<br />\r\n周六午餐，做些家常小菜，與三五好友同餐小酌。</p>\r\n', '', '', 'zh_tw');

-- --------------------------------------------------------

--
-- 表的结构 `al_img`
--

CREATE TABLE IF NOT EXISTS `al_img` (
  `img_id` int(11) NOT NULL COMMENT '图片id',
  `type_id` int(11) NOT NULL DEFAULT '0' COMMENT '类别id',
  `type` varchar(255) NOT NULL COMMENT '类别',
  `point` varchar(255) NOT NULL DEFAULT '0' COMMENT '1是特殊',
  `img_title` varchar(255) NOT NULL COMMENT '图片标题',
  `is_show` int(1) NOT NULL DEFAULT '1',
  `original_src` varchar(255) NOT NULL COMMENT '原图',
  `original_link` varchar(255) NOT NULL COMMENT '原图链接',
  `big_src` varchar(255) NOT NULL COMMENT '原图路径',
  `big_link` varchar(255) NOT NULL COMMENT '原图链接',
  `middle_src` varchar(255) NOT NULL COMMENT '中图路径',
  `middle_link` varchar(255) NOT NULL COMMENT '中图链接',
  `small_src` varchar(255) NOT NULL COMMENT '小图路径',
  `small_link` varchar(255) NOT NULL COMMENT '小图链接',
  `order_by` int(11) NOT NULL COMMENT '排序',
  `add_by` int(11) NOT NULL COMMENT '添加人',
  `add_time` datetime NOT NULL COMMENT '添加时间',
  `edit_by` int(11) NOT NULL COMMENT '修改人',
  `edit_time` timestamp NOT NULL DEFAULT CURRENT_TIMESTAMP ON UPDATE CURRENT_TIMESTAMP COMMENT '修改时间',
  `i8n` varchar(255) NOT NULL COMMENT '语言参数'
) ENGINE=InnoDB AUTO_INCREMENT=140 DEFAULT CHARSET=utf8;

--
-- 转存表中的数据 `al_img`
--

INSERT INTO `al_img` (`img_id`, `type_id`, `type`, `point`, `img_title`, `is_show`, `original_src`, `original_link`, `big_src`, `big_link`, `middle_src`, `middle_link`, `small_src`, `small_link`, `order_by`, `add_by`, `add_time`, `edit_by`, `edit_time`, `i8n`) VALUES
(21, 3, 'M', '', '123', 1, '/data/menu_doc/20126195324.jpg', '', '', '', '', '', '', '', 123, 1, '2012-06-19 03:34:33', 1, '2012-08-28 20:36:35', ''),
(26, 9, 'A', '', '123212321312', 1, '/data/news_doc/20137035190.jpg', '', '', '', '', '', '', '', 0, 0, '2012-09-13 04:19:33', 1, '2014-06-09 09:20:43', 'en_us'),
(27, 10, 'A', '', '123123', 1, '/data/news_doc/20137035796.jpg', '', '', '', '', '', '', '', 0, 0, '2012-09-13 06:38:33', 1, '2014-06-09 09:20:41', 'en_us'),
(34, 9, 'C', '', '红酒', 1, '/data/category_doc/201212171022', '', '', '', '', '', '', '', 0, 1, '2012-12-17 05:07:28', 1, '2012-12-16 21:07:28', ''),
(35, 10, 'C', '', '白酒', 1, '/data/category_doc/201212174546', '', '', '', '', '', '', '', 0, 1, '2012-12-17 05:07:53', 1, '2012-12-16 21:07:53', ''),
(36, 11, 'C', '', '气泡酒', 1, '/data/category_doc/201212175211', '', '', '', '', '', '', '', 0, 1, '2012-12-17 05:08:17', 1, '2012-12-16 21:08:17', ''),
(38, 12, 'C', '0', '分享', 1, '/data/category_doc/201212262655', '', '', '', '', '', '', '', 0, 1, '2012-12-26 08:41:33', 1, '2012-12-26 00:41:33', ''),
(39, 13, 'C', '0', 'about', 1, '/data/category_doc/20131118515.jpg', '', '', '', '', '', '', '', 0, 1, '2013-01-11 04:51:39', 1, '2013-01-10 20:51:39', ''),
(40, 8, 'M', '0', '', 1, '/data/menu_doc/20131148135.jpg', '', '', '', '', '', '', '', 50, 1, '0000-00-00 00:00:00', 1, '2013-06-13 21:04:02', ''),
(41, 9, 'M', '0', '', 1, '/data/menu_doc/20131142694.jpg', '', '', '', '', '', '', '', 50, 1, '0000-00-00 00:00:00', 1, '2013-06-13 21:03:18', ''),
(42, 10, 'M', '0', '', 1, '/data/menu_doc/20131149954.jpg', '', '', '', '', '', '', '', 50, 1, '2013-01-14 03:12:37', 1, '2013-06-13 21:04:16', ''),
(43, 11, 'M', '0', '', 1, '/data/menu_doc/20131145136.jpg', '', '', '', '', '', '', '', 50, 1, '2013-01-14 03:12:55', 1, '2013-06-13 21:04:09', ''),
(44, 12, 'M', '0', '', 1, '/data/menu_doc/20131149440.jpg', '', '', '', '', '', '', '', 50, 1, '2013-01-14 03:13:07', 1, '2013-06-13 21:12:04', ''),
(45, 14, 'C', '1', '4', 0, '/data/category_doc/20155061229.jpg', '', '', '', '', '', '', '', 50, 1, '0000-00-00 00:00:00', 2, '2015-05-14 14:31:40', 'en_us'),
(47, 14, 'C', '1', '测试购买', 0, '/data/category_doc/20155031193.jpg', '', '', '', '', '', '', '', 50, 1, '0000-00-00 00:00:00', 2, '2015-05-14 14:31:40', 'en_us'),
(48, 14, 'C', '1', '', 0, '/data/category_doc/20155037466.jpg', '', '', '', '', '', '', '', 50, 1, '0000-00-00 00:00:00', 2, '2015-05-14 14:31:40', 'en_us'),
(49, 11, 'A', '0', 'about fillmore', 1, '/data/news_doc/20155034304.png', '', '', '', '', '', '', '', 1, 1, '2013-01-14 05:39:55', 2, '2015-05-04 16:52:22', 'en_us'),
(50, 12, 'A', '0', 'About Sing', 1, '/data/news_doc/20137309374.jpg', '', '', '', '', '', '', '', 0, 1, '2013-01-14 05:42:28', 1, '2014-06-09 09:20:39', 'en_us'),
(51, 13, 'A', '0', 'Privacy & Security', 1, '/data/news_doc/20131149045', '', '', '', '', '', '', '', 0, 1, '2013-01-14 10:07:11', 1, '2014-06-09 09:20:37', 'en_us'),
(52, 14, 'A', '0', 'Terms of Use', 1, '/data/news_doc/20131146944', '', '', '', '', '', '', '', 0, 1, '2013-01-14 10:07:30', 1, '2014-06-09 09:20:35', 'en_us'),
(53, 15, 'A', '0', 'Sitemap', 1, '/data/news_doc/20131149038', '', '', '', '', '', '', '', 0, 1, '2013-01-14 10:07:44', 1, '2014-06-09 09:20:33', 'en_us'),
(54, 16, 'A', '0', 'Contact', 1, '/data/news_doc/20146119498.jpg', '', '', '', '', '', '', '', 0, 1, '2013-01-14 10:08:01', 1, '2014-06-10 08:54:50', 'en_us'),
(59, 14, 'C', '1', '5', 0, '/data/category_doc/20155034884.jpg', '', '', '', '', '', '', '', 50, 1, '0000-00-00 00:00:00', 2, '2015-05-14 14:31:40', 'en_us'),
(60, 9, 'M', '0', '3', 1, '/data/menu_doc/20131162487.jpg', '', '', '', '', '', '', '', 2, 1, '0000-00-00 00:00:00', 1, '2013-01-16 02:06:08', ''),
(62, 9, 'M', '0', '', 1, '/data/menu_doc/20136146242.jpg', '', '', '', '', '', '', '', 50, 0, '0000-00-00 00:00:00', 0, '2013-06-16 08:12:59', ''),
(63, 10, 'M', '0', '', 1, '/data/menu_doc/20136145490.jpg', '', '', '', '', '', '', '', 50, 1, '0000-00-00 00:00:00', 1, '2013-07-02 07:23:32', ''),
(64, 8, 'M', '1', '', 1, '/data/menu_doc/20136145412.jpg', '', '', '', '', '', '', '', 50, 1, '0000-00-00 00:00:00', 1, '2013-06-13 21:04:02', ''),
(65, 11, 'M', '0', '', 1, '/data/menu_doc/20136148658.jpg', '', '', '', '', '', '', '', 50, 1, '0000-00-00 00:00:00', 1, '2013-07-02 07:24:53', ''),
(66, 12, 'M', '0', '', 1, '/data/menu_doc/20136143644.jpg', '', '', '', '', '', '', '', 50, 1, '0000-00-00 00:00:00', 1, '2013-07-02 07:24:07', ''),
(67, 9, 'M', '0', '', 1, '/data/menu_doc/20136172745.jpg', '', '', '', '', '', '', '', 50, 1, '0000-00-00 00:00:00', 1, '2013-07-02 07:26:29', ''),
(68, 10, 'M', '0', '', 1, '/data/menu_doc/20137039242.jpg', '', '', '', '', '', '', '', 50, 1, '0000-00-00 00:00:00', 1, '2013-07-02 09:38:39', ''),
(69, 12, 'M', '0', '', 1, '/data/menu_doc/20137033188.jpg', '', '', '', '', '', '', '', 50, 1, '0000-00-00 00:00:00', 1, '2013-07-02 09:39:03', ''),
(70, 11, 'M', '0', '', 1, '/data/menu_doc/20137036592.jpg', '', '', '', '', '', '', '', 50, 1, '0000-00-00 00:00:00', 1, '2013-07-02 09:40:14', ''),
(71, 9, 'M', '0', '', 1, '/data/menu_doc/20137032928.jpg', '', '', '', '', '', '', '', 50, 1, '0000-00-00 00:00:00', 1, '2013-07-02 09:40:40', ''),
(72, 10, 'M', '1', '', 1, '/data/menu_doc/20137032258.jpg', '', '', '', '', '', '', '', 50, 1, '0000-00-00 00:00:00', 1, '2013-07-02 09:38:39', ''),
(73, 12, 'M', '1', '', 1, '/data/menu_doc/20137033845.jpg', '', '', '', '', '', '', '', 50, 1, '0000-00-00 00:00:00', 1, '2013-07-02 09:39:03', ''),
(74, 11, 'M', '0', '', 1, '/data/menu_doc/20137037225.jpg', '', '', '', '', '', '', '', 50, 1, '0000-00-00 00:00:00', 1, '2013-07-09 05:29:10', ''),
(75, 9, 'M', '0', '', 1, '/data/menu_doc/20137036596.jpg', '', '', '', '', '', '', '', 50, 1, '0000-00-00 00:00:00', 1, '2013-07-09 05:29:55', ''),
(76, 11, 'M', '1', '', 1, '/data/menu_doc/20137094293.jpg', '', '', '', '', '', '', '', 50, 1, '0000-00-00 00:00:00', 1, '2013-07-09 05:29:10', ''),
(77, 9, 'M', '1', '', 1, '/data/menu_doc/20137094029.jpg', '', '', '', '', '', '', '', 50, 1, '0000-00-00 00:00:00', 1, '2013-07-09 05:29:55', ''),
(78, 17, 'A', '0', 'OUR SUMMER READS', 1, '/data/news_doc/20137296760.jpg', '', '', '', '', '', '', '', 0, 1, '2013-07-29 02:56:37', 1, '2014-06-09 09:20:30', 'en_us'),
(80, 14, 'C', '1', '', 0, '/data/category_doc/20155063804.jpg', '', '', '', '', '', '', '', 50, 1, '0000-00-00 00:00:00', 2, '2015-05-14 14:31:40', 'zh_cn'),
(81, 14, 'C', '1', '', 0, '/data/category_doc/20155158406.jpg', '', '', '', '', '', '', '', 50, 1, '0000-00-00 00:00:00', 2, '2015-05-14 14:31:40', 'zh_cn'),
(82, 14, 'C', '1', '', 0, '/data/category_doc/20155159555.jpg', '', '', '', '', '', '', '', 50, 1, '0000-00-00 00:00:00', 2, '2015-05-14 14:31:40', 'zh_cn'),
(83, 14, 'C', '1', '', 0, '/data/category_doc/20155159325.jpg', '', '', '', '', '', '', '', 50, 1, '0000-00-00 00:00:00', 2, '2015-05-14 14:31:40', 'zh_cn'),
(86, 14, 'C', '1', '', 1, '', '', '', '', '', '', '', '', 50, 1, '0000-00-00 00:00:00', 2, '2015-05-14 14:31:40', 'zh_tw'),
(87, 14, 'C', '1', '', 1, '', '', '', '', '', '', '', '', 50, 1, '0000-00-00 00:00:00', 2, '2015-05-14 14:31:40', 'zh_tw'),
(88, 14, 'C', '1', '', 1, '', '', '', '', '', '', '', '', 50, 1, '0000-00-00 00:00:00', 2, '2015-05-14 14:31:40', 'zh_tw'),
(89, 14, 'C', '1', '', 1, '', '', '', '', '', '', '', '', 50, 1, '0000-00-00 00:00:00', 2, '2015-05-14 14:31:40', 'zh_tw'),
(92, 15, 'C', '1', '', 0, 'http://192.168.1.67/temp/img/20164260507397304.png', '123', '', '', '', '', '', '', 50, 1, '0000-00-00 00:00:00', 1, '2016-04-26 05:27:41', 'en_us'),
(93, 15, 'C', '1', '', 1, './template/admin/images/no_img.jpg', '', '', '', '', '', '', '', 50, 1, '0000-00-00 00:00:00', 1, '2016-04-25 08:55:27', 'zh_cn'),
(94, 15, 'C', '1', '', 1, './template/admin/images/no_img.jpg', '', '', '', '', '', '', '', 50, 1, '0000-00-00 00:00:00', 1, '2016-04-25 08:55:27', 'zh_tw'),
(96, 14, 'P', '1', '', 1, '/data/product_doc/20155147421.jpg', '', '', '', '', '', '', '', 50, 1, '2014-01-08 19:58:08', 2, '2015-05-13 19:23:45', 'zh_cn'),
(103, 13, 'P', '1', '', 1, '/data/product_doc/20155051493.jpg', '', '', '', '', '', '', '', 50, 1, '2014-06-24 16:27:50', 2, '2015-05-04 17:02:40', 'en_us'),
(104, 18, 'A', '1', '', 0, '/data/news_doc/20155036653.png', '', '', '', '', '', '', '', 1, 1, '2014-09-17 15:38:29', 2, '2015-05-04 16:11:27', 'en_us'),
(105, 9, 'P', '1', '', 1, '/data/product_doc/20155054264.jpg', '', '', '', '', '', '', '', 50, 1, '2014-09-24 20:27:45', 2, '2015-05-04 16:47:33', 'en_us'),
(108, 18, 'A', '0', '', 0, '/data/news_doc/20155033004.png', '', '', '', '', '', '', '', 2, 1, '2014-09-17 15:38:29', 2, '2015-05-04 16:11:27', 'en_us'),
(109, 18, 'A', '0', '', 0, '/data/news_doc/20155033330.png', '', '', '', '', '', '', '', 3, 1, '2014-09-17 15:38:29', 2, '2015-05-04 16:11:27', 'en_us'),
(110, 18, 'A', '0', '', 0, '/data/news_doc/20155037848.png', '', '', '', '', '', '', '', 4, 1, '2014-09-17 15:38:29', 2, '2015-05-04 16:11:27', 'en_us'),
(111, 18, 'A', '0', '', 0, '/data/news_doc/20155032697.png', '', '', '', '', '', '', '', 1, 1, '2014-09-17 15:38:29', 2, '2015-05-04 16:11:27', 'zh_cn'),
(112, 18, 'A', '0', '', 0, '/data/news_doc/20155033329.png', '', '', '', '', '', '', '', 2, 1, '2014-09-17 15:38:29', 2, '2015-05-04 16:11:27', 'zh_cn'),
(113, 18, 'A', '0', '', 0, '/data/news_doc/20155031762.png', '', '', '', '', '', '', '', 3, 1, '2014-09-17 15:38:29', 2, '2015-05-04 16:11:27', 'zh_cn'),
(114, 18, 'A', '0', '', 0, '/data/news_doc/20155038637.png', '', '', '', '', '', '', '', 4, 1, '2014-09-17 15:38:29', 2, '2015-05-04 16:11:27', 'zh_cn'),
(115, 18, 'A', '0', '', 0, '/data/news_doc/20155032370.png', '', '', '', '', '', '', '', 1, 1, '2014-09-17 15:38:29', 2, '2015-05-04 16:11:27', 'zh_tw'),
(116, 18, 'A', '0', '', 0, '/data/news_doc/20155034325.png', '', '', '', '', '', '', '', 2, 1, '2014-09-17 15:38:29', 2, '2015-05-04 16:11:27', 'zh_tw'),
(117, 18, 'A', '0', '', 0, '/data/news_doc/20155039689.png', '', '', '', '', '', '', '', 3, 1, '2014-09-17 15:38:29', 2, '2015-05-04 16:11:27', 'zh_tw'),
(118, 18, 'A', '0', '', 0, '/data/news_doc/20155034702.png', '', '', '', '', '', '', '', 4, 1, '2014-09-17 15:38:29', 2, '2015-05-04 16:11:27', 'zh_tw'),
(119, 18, 'A', '0', '', 1, '/data/news_doc/20155034344.png', '', '', '', '', '', '', '', 5, 1, '2014-09-17 15:38:29', 2, '2015-05-05 19:41:43', 'en_us'),
(120, 18, 'A', '0', '', 1, '/data/news_doc/20155059397.png', '', '', '', '', '', '', '', 6, 1, '2014-09-17 15:38:29', 2, '2015-05-05 19:41:43', 'en_us'),
(121, 18, 'A', '0', '', 0, '/data/news_doc/20155034976.png', '', '', '', '', '', '', '', 5, 1, '2014-09-17 15:38:29', 2, '2015-05-04 16:11:27', 'zh_cn'),
(122, 18, 'A', '0', '', 0, '/data/news_doc/20155031610.png', '', '', '', '', '', '', '', 6, 1, '2014-09-17 15:38:29', 2, '2015-05-04 16:11:27', 'zh_cn'),
(123, 18, 'A', '0', '', 0, '/data/news_doc/20149179702.jpg', '', '', '', '', '', '', '', 5, 1, '2014-09-17 15:38:29', 2, '2015-05-04 16:11:27', 'zh_tw'),
(124, 18, 'A', '0', '', 0, '/data/news_doc/20149179702.jpg', '', '', '', '', '', '', '', 6, 1, '2014-09-17 15:38:29', 2, '2015-05-04 16:11:27', 'zh_tw'),
(125, 11, 'A', '0', 'about fillmore', 1, '/data/news_doc/20155032572.png', '', '', '', '', '', '', '', 2, 1, '2013-01-14 05:39:55', 2, '2015-05-04 16:52:22', 'en_us'),
(126, 11, 'A', '0', 'about fillmore', 0, '/data/news_doc/20155031778.png', '', '', '', '', '', '', '', 1, 1, '2013-01-14 05:39:55', 2, '2015-05-04 16:52:22', 'zh_cn'),
(127, 11, 'A', '0', 'about fillmore', 0, '/data/news_doc/20155033859.png', '', '', '', '', '', '', '', 2, 1, '2013-01-14 05:39:55', 2, '2015-05-04 16:52:22', 'zh_cn'),
(128, 11, 'A', '0', 'about fillmore', 1, '/data/news_doc/20137305330.jpg', '', '', '', '', '', '', '', 1, 1, '2013-01-14 05:39:55', 2, '2015-05-04 16:52:22', 'zh_tw'),
(129, 11, 'A', '0', 'about fillmore', 1, '/data/news_doc/20137305330.jpg', '', '', '', '', '', '', '', 2, 1, '2013-01-14 05:39:55', 2, '2015-05-04 16:52:22', 'zh_tw'),
(130, 14, 'P', '1', '', 1, '/data/product_doc/20155053963.jpg', '', '', '', '', '', '', '', 50, 1, '2015-05-03 19:04:07', 2, '2015-05-04 17:02:58', 'en_us'),
(132, 11, 'P', '1', '', 1, '/data/product_doc/20155059905.jpg', '', '', '', '', '', '', '', 50, 2, '2015-05-05 15:58:54', 2, '2015-05-04 16:59:53', 'en_us'),
(133, 12, 'P', '1', '', 1, '/data/product_doc/20155054476.jpg', '', '', '', '', '', '', '', 50, 2, '2015-05-05 15:59:07', 2, '2015-05-04 17:00:16', 'en_us'),
(134, 13, 'P', '1', '', 1, '/data/product_doc/20155143240.jpg', '', '', '', '', '', '', '', 50, 2, '2015-05-14 18:24:36', 2, '2015-05-13 19:24:36', 'zh_cn'),
(136, 12, 'P', '1', '', 1, '/data/product_doc/20155142517.jpg', '', '', '', '', '', '', '', 50, 2, '2015-05-14 18:27:04', 2, '2015-05-13 19:27:04', 'zh_cn'),
(137, 11, 'P', '1', '', 1, '/data/product_doc/20155143607.jpg', '', '', '', '', '', '', '', 50, 2, '2015-05-14 18:28:12', 2, '2015-05-13 19:28:12', 'zh_cn'),
(139, 9, 'P', '1', '', 1, '/data/product_doc/20155145498.jpg', '', '', '', '', '', '', '', 50, 2, '2015-05-14 18:29:40', 2, '2015-05-13 19:29:40', 'zh_cn');

-- --------------------------------------------------------

--
-- 表的结构 `al_mail_log`
--

CREATE TABLE IF NOT EXISTS `al_mail_log` (
  `id` bigint(20) NOT NULL COMMENT 'key id',
  `name` varchar(255) NOT NULL COMMENT 'name',
  `email` varchar(255) NOT NULL COMMENT 'email',
  `detail` varchar(2000) NOT NULL COMMENT 'mail detail',
  `add_time` datetime NOT NULL COMMENT 'add time'
) ENGINE=InnoDB AUTO_INCREMENT=15 DEFAULT CHARSET=utf8;

--
-- 转存表中的数据 `al_mail_log`
--

INSERT INTO `al_mail_log` (`id`, `name`, `email`, `detail`, `add_time`) VALUES
(14, 'spacehu ', 'hello@qq.com', 'hi leo this is test on ubuntu~ if you can see it, let me know.\r\n', '2016-04-27 09:40:45');

--
-- Indexes for dumped tables
--

--
-- Indexes for table `al_administrator_had`
--
ALTER TABLE `al_administrator_had`
  ADD PRIMARY KEY (`h_id`);

--
-- Indexes for table `al_article`
--
ALTER TABLE `al_article`
  ADD PRIMARY KEY (`art_id`);

--
-- Indexes for table `al_article_i8n`
--
ALTER TABLE `al_article_i8n`
  ADD PRIMARY KEY (`art_i8n_id`);

--
-- Indexes for table `al_category`
--
ALTER TABLE `al_category`
  ADD PRIMARY KEY (`cat_id`);

--
-- Indexes for table `al_category_i8n`
--
ALTER TABLE `al_category_i8n`
  ADD PRIMARY KEY (`cat_i8n_id`);

--
-- Indexes for table `al_config`
--
ALTER TABLE `al_config`
  ADD PRIMARY KEY (`con_id`);

--
-- Indexes for table `al_config_i8n`
--
ALTER TABLE `al_config_i8n`
  ADD PRIMARY KEY (`con_i8n_id`);

--
-- Indexes for table `al_goods`
--
ALTER TABLE `al_goods`
  ADD PRIMARY KEY (`goods_id`);

--
-- Indexes for table `al_goods_i8n`
--
ALTER TABLE `al_goods_i8n`
  ADD PRIMARY KEY (`goods_i8n_id`);

--
-- Indexes for table `al_img`
--
ALTER TABLE `al_img`
  ADD PRIMARY KEY (`img_id`);

--
-- Indexes for table `al_mail_log`
--
ALTER TABLE `al_mail_log`
  ADD PRIMARY KEY (`id`);

--
-- AUTO_INCREMENT for dumped tables
--

--
-- AUTO_INCREMENT for table `al_administrator_had`
--
ALTER TABLE `al_administrator_had`
  MODIFY `h_id` int(11) NOT NULL AUTO_INCREMENT COMMENT '用户表主id',AUTO_INCREMENT=2;
--
-- AUTO_INCREMENT for table `al_article`
--
ALTER TABLE `al_article`
  MODIFY `art_id` int(11) NOT NULL AUTO_INCREMENT COMMENT '文章id',AUTO_INCREMENT=19;
--
-- AUTO_INCREMENT for table `al_article_i8n`
--
ALTER TABLE `al_article_i8n`
  MODIFY `art_i8n_id` int(11) NOT NULL AUTO_INCREMENT COMMENT '文章多语言id',AUTO_INCREMENT=39;
--
-- AUTO_INCREMENT for table `al_category`
--
ALTER TABLE `al_category`
  MODIFY `cat_id` int(11) NOT NULL AUTO_INCREMENT COMMENT '分类主id',AUTO_INCREMENT=16;
--
-- AUTO_INCREMENT for table `al_category_i8n`
--
ALTER TABLE `al_category_i8n`
  MODIFY `cat_i8n_id` int(11) NOT NULL AUTO_INCREMENT COMMENT '分类多语言id',AUTO_INCREMENT=41;
--
-- AUTO_INCREMENT for table `al_config`
--
ALTER TABLE `al_config`
  MODIFY `con_id` int(11) NOT NULL AUTO_INCREMENT COMMENT 'config_id',AUTO_INCREMENT=14;
--
-- AUTO_INCREMENT for table `al_config_i8n`
--
ALTER TABLE `al_config_i8n`
  MODIFY `con_i8n_id` int(11) NOT NULL AUTO_INCREMENT COMMENT '参数表多语言id';
--
-- AUTO_INCREMENT for table `al_goods`
--
ALTER TABLE `al_goods`
  MODIFY `goods_id` int(11) NOT NULL AUTO_INCREMENT COMMENT '商品id',AUTO_INCREMENT=15;
--
-- AUTO_INCREMENT for table `al_goods_i8n`
--
ALTER TABLE `al_goods_i8n`
  MODIFY `goods_i8n_id` int(11) NOT NULL AUTO_INCREMENT COMMENT '商品多语言表id',AUTO_INCREMENT=37;
--
-- AUTO_INCREMENT for table `al_img`
--
ALTER TABLE `al_img`
  MODIFY `img_id` int(11) NOT NULL AUTO_INCREMENT COMMENT '图片id',AUTO_INCREMENT=140;
--
-- AUTO_INCREMENT for table `al_mail_log`
--
ALTER TABLE `al_mail_log`
  MODIFY `id` bigint(20) NOT NULL AUTO_INCREMENT COMMENT 'key id',AUTO_INCREMENT=15;
/*!40101 SET CHARACTER_SET_CLIENT=@OLD_CHARACTER_SET_CLIENT */;
/*!40101 SET CHARACTER_SET_RESULTS=@OLD_CHARACTER_SET_RESULTS */;
/*!40101 SET COLLATION_CONNECTION=@OLD_COLLATION_CONNECTION */;
